dataset_id	Disease	PMID	Contributor(s)	Sample Size	Detection Method	EV Isolation	Description	Omics Layer	Molecule Type	Sample Type	Cancer Site	Raw Data	Accession	Data File	Metadata File	Quantification Method	supported	analysis_profile	input_scale	normalization_applied	normalization_todo	transform_applied	transform_todo	missing_value_encoding	zero_is_missing	feature_filter_mode	min_valid_prop_per_group	min_valid_n_per_group	sample_max_missing_prop	model_imputation	visual_imputation	feature_id_type	output_feature_id_type	organism	organism_taxid	group_source	sample_column	group_column	case_code	control_code	case_prefix	control_prefix	paired_design	pair_column	batch_column	plex_column	probe_map_file	probe_collapse_method	n_case	n_control	n_total	modelled_features	count_normalization	upstream_normalized	min_detect_prop	min_residual_df	differential_model	design_matrix	contrast	eBayes_trend	eBayes_robust	P_adjustment	default_is_use_padj	default_log2fc_threshold	default_pvalue_threshold	seed	canonical_SHA256	canonical_file	parameter_notes	registry_sample_size	group_file	effective_visual_imputation	use_padj_for_features	zenodo_differential_results
1	Retinoblastoma	32287312	Blanca Elena Castro-Magdonel	21	Microarray	Ultracentrifugation	12 controls and 12 patients	Transcriptomics	miRNA	Plasma	Eye	No	GSE141208	db/dataset/NO01_GSE141208_counts.txt	db/dataset/metadata/NO01_GSE141208_metadata.xlsx	Log2 normalized	True	microarray	log2	RMA	none	log2	none	none	False	none	NA (not used by this profile)	NA (not used by this profile)	1	none	none	mirbase	mirbase	Homo sapiens	9606	metadata	Sample ID	Group	Cancer	Control	^C	^N	False	NA (unset)	NA (unset)	NA (unset)	NA (unset)	NA (unset)	11	10	21	4422	NA (continuous profile)	True	0.5	2	limma_filtered	~group	Cancer_minus_Control	True	True	BH within matrix-entry modelled features	True	1	0.05	123	8f9f8f1c218ce50bc76a96784d2aa996e46373affccd11faf633adcbf4189436	not bundled; historical output ID1.rda	Parameters are server-owned. Export thresholds are adjustable and do not refit the model. upstream_normalized and count_normalization are derived audit fields, not configuration keys.	24	db/dataset/metadata/NO01_GSE141208_metadata.xlsx	none	TRUE (Explore default; not a differential-model parameter)	03_results/differential/ID1/all.csv
2	Lung Adenocarcinoma	31677346	Bing Yao	10	RNA-seq	Exosome Isolation Kit	5 controls and 5  patients	Transcriptomics	miRNA	Plasma	Lung	No	GSE111803	db/dataset/NO02_GSE111803_counts.txt	db/dataset/metadata/NO02_GSE111803_metadata.xlsx	TPM	True	transcriptomics_normalized	linear	RPM	none	none	log2p1	zero	False	none	NA (not used by this profile)	NA (not used by this profile)	1	none	none	mirbase	mirbase	Homo sapiens	9606	metadata	Sample ID	Group	Cancer	Control	^C	^N	False	NA (unset)	NA (unset)	NA (unset)	NA (unset)	NA (unset)	5	5	10	1186	NA (continuous profile)	True	0.5	2	limma_filtered	~group	Cancer_minus_Control	True	True	BH within matrix-entry modelled features	True	1	0.05	123	89c076cce493c1f08ffb4dbeea9cb81b7af6efb1d11952d99623c9f8f1bc9b10	not bundled; historical output ID2.rda	Parameters are server-owned. Export thresholds are adjustable and do not refit the model. upstream_normalized and count_normalization are derived audit fields, not configuration keys.	10	db/dataset/metadata/NO02_GSE111803_metadata.xlsx	none	TRUE (Explore default; not a differential-model parameter)	03_results/differential/ID2/all.csv
3	Breast Cancer	37958677	Yanwei Zhang	18	RNA-seq	ExoQuick	9 controls and 9 patients	Transcriptomics	miRNA	Plasma	Breast	Yes	GSE239341/GSE222681	db/dataset/NO03_GSE239341_counts.txt	db/dataset/metadata/NO03_GSE239341_metadata.xlsx	Raw counts	True	rnaseq_raw_counts	count	none	none	none	none	none	False	filterByExpr	NA (not used by this profile)	NA (not used by this profile)	1	none	none	mirbase	mirbase	Homo sapiens	9606	prefix	NA (unset)	NA (unset)	C	N	^C	^N	False	NA (unset)	NA (unset)	NA (unset)	NA (unset)	NA (unset)	9	9	18	48	TMM	False	0.5	2	edgeR_TMM_voom_limma	~group	C_minus_N	False	True	BH within matrix-entry modelled features	True	1	0.05	123	6cdf94b6a40151035a7ed8cebc1240e01fc0e0f1fb0304fbdd87152a77d229f2	not bundled; historical output ID3.rda	Parameters are server-owned. Export thresholds are adjustable and do not refit the model. upstream_normalized and count_normalization are derived audit fields, not configuration keys.	18	NA (prefix grouping)	none	TRUE (Explore default; not a differential-model parameter)	03_results/differential/ID3/all.csv
4	Lung Adenocarcinoma	33233545	Rune Matthiesen	24	LC–MS/MS	Ultracentrifugation	12 controls and 12 patients	Proteomics	Protein	BALF	Lung	Yes	PXD021988	db/dataset/NO04_PXD021988_counts.txt	db/dataset/metadata/NO04_PXD021988_metadata.xlsx	LFQ(IBAQ)	True	proteomics_label_free	linear	iBAQ	none	none	log2	zero	True	group_valid	0.5	3	1	none	row_median	symbol	symbol	Homo sapiens	9606	prefix	NA (unset)	NA (unset)	C	N	^C	^N	False	NA (unset)	NA (unset)	NA (unset)	NA (unset)	NA (unset)	12	12	24	478	NA (continuous profile)	True	0.5	2	limma_filtered	~group	C_minus_N	True	True	BH within matrix-entry modelled features	True	1	0.05	123	8deb91399319530fb9d004275014b7002c5e057c93cee959e5f88bc2b934ec4a	not bundled; historical output ID4.rda	Parameters are server-owned. Export thresholds are adjustable and do not refit the model. upstream_normalized and count_normalization are derived audit fields, not configuration keys.	24	NA (prefix grouping)	row_median	TRUE (Explore default; not a differential-model parameter)	03_results/differential/ID4/all.csv
5	Lung Adenocarcinoma	36451312	Zhong Ke	168	RNA-seq	The exoRNeasy Midi Kit	53 controls and 115 patients	Transcriptomics	mRNA	Serum	Lung	No	GSE200288	db/dataset/NO05_GSE200288_counts.txt	db/dataset/metadata/NO05_GSE200288_metadata.xlsx	Log2 normalized	True	transcriptomics_normalized	log2	upstream_normalized; limma_batch_corrected	none	log2	none	none	False	none	NA (not used by this profile)	NA (not used by this profile)	1	none	none	symbol	symbol	Homo sapiens	9606	metadata	Sample ID	Group	Cancer	Control	^C	^N	False	NA (unset)	NA (unset)	NA (unset)	NA (unset)	NA (unset)	115	53	168	10040	NA (continuous profile)	True	0.5	2	limma_filtered	~group	Cancer_minus_Control	True	True	BH within matrix-entry modelled features	True	1	0.05	123	086751c0e82b61ae9daac60b5de94f992b917bd98a70d9ecd056ee943e1bcf16	not bundled; historical output ID5.rda	Parameters are server-owned. Export thresholds are adjustable and do not refit the model. upstream_normalized and count_normalization are derived audit fields, not configuration keys.	168	db/dataset/metadata/NO05_GSE200288_metadata.xlsx	none	TRUE (Explore default; not a differential-model parameter)	03_results/differential/ID5/all.csv
6	Colorectal Cancer	37386465	Yunjie Shi	18	RNA-seq	The exoRNeasy Midi Kit	12 controls and 6 patients	Transcriptomics	miRNA	Plasma	Colorectum	No	GSE220445	db/dataset/NO06_GSE220445_counts.txt	db/dataset/metadata/NO06_GSE220445_metadata.xlsx	Raw counts	True	rnaseq_raw_counts	count	none	none	none	none	zero	False	filterByExpr	NA (not used by this profile)	NA (not used by this profile)	1	none	none	mirbase	mirbase	Homo sapiens	9606	prefix	NA (unset)	NA (unset)	C	N	^C	^N	False	NA (unset)	NA (unset)	NA (unset)	NA (unset)	NA (unset)	6	12	18	486	TMM	False	0.5	2	edgeR_TMM_voom_limma	~group	C_minus_N	False	True	BH within matrix-entry modelled features	True	1	0.05	123	30aef07fade1a5b8b61bd2c7cf3304b2f84173a8dabd92ee6e38d0ebb6459f12	not bundled; historical output ID6.rda	Parameters are server-owned. Export thresholds are adjustable and do not refit the model. upstream_normalized and count_normalization are derived audit fields, not configuration keys.	18	NA (prefix grouping)	none	TRUE (Explore default; not a differential-model parameter)	03_results/differential/ID6/all.csv
7	Colorectal Cancer	24705249	Naoto Tsuchiya	99	Microarray	Ultracentrifugation	11 controls and 88 patients	Transcriptomics	miRNA	Serum	Colorectum	No	GSE39833	db/dataset/NO07_GSE39833_counts.txt	db/dataset/metadata/NO07_GSE39833_metadata.xlsx	Log2 normalized	True	microarray	log2	total_signal_normalization	none	log2	none	none	False	none	NA (not used by this profile)	NA (not used by this profile)	1	none	none	mirbase	mirbase	Homo sapiens	9606	metadata	Sample ID	Group	Cancer	Control	^C	^N	False	NA (unset)	NA (unset)	NA (unset)	NA (unset)	NA (unset)	88	11	99	730	NA (continuous profile)	True	0.5	2	limma_filtered	~group	Cancer_minus_Control	True	True	BH within matrix-entry modelled features	True	1	0.05	123	9c28156ba4d3bccd7aa691c75bfb10baf80a7fc32dff8cd02c122a14f955f69e	not bundled; historical output ID7.rda	Parameters are server-owned. Export thresholds are adjustable and do not refit the model. upstream_normalized and count_normalization are derived audit fields, not configuration keys.	99	db/dataset/metadata/NO07_GSE39833_metadata.xlsx	none	TRUE (Explore default; not a differential-model parameter)	03_results/differential/ID7/all.csv
8	Prostate Cancer	34301266	Ya-Di He	22	RNA-seq	Ultracentrifugation and ExoQuick-TC	11 controls and 11 patients	Transcriptomics	circRNA	Urine	Prostate	Yes	GSE147761	db/dataset/NO08_GSE147761_counts.txt	db/dataset/metadata/NO08_GSE147761_metadata.xlsx	Normalized continuous abundance (0.01 floor)	True	transcriptomics_normalized	linear	upstream_normalized_with_0.01_floor	none	none	log2p1	none	False	none	NA (not used by this profile)	NA (not used by this profile)	1	none	none	circrna	circrna	Homo sapiens	9606	metadata	Sample ID	Group	Cancer	Control	^C	^N	False	NA (unset)	NA (unset)	NA (unset)	NA (unset)	NA (unset)	11	11	22	2231	NA (continuous profile)	True	0.5	2	limma_filtered	~group	Cancer_minus_Control	True	True	BH within matrix-entry modelled features	True	1	0.05	123	1738cf6c80df52317d8fe5f979657ea5ba08b8bf8fe73a9ae60aca893430dc2c	not bundled; historical output ID8.rda	Parameters are server-owned. Export thresholds are adjustable and do not refit the model. upstream_normalized and count_normalization are derived audit fields, not configuration keys.	22	db/dataset/metadata/NO08_GSE147761_metadata.xlsx	none	TRUE (Explore default; not a differential-model parameter)	03_results/differential/ID8/all.csv
9	Colorectal Cancer	38451249	Vahid Bahrambeigi	141	RNA-seq	Ultracentrifugation	70 controls and 71  patients	Transcriptomics	mRNA	Plasma	Colorectum	Yes	GSE255775	db/dataset/NO09_GSE255775_counts.txt	db/dataset/metadata/NO09_GSE255775_metadata.xlsx	Raw counts	True	rnaseq_raw_counts	count	none	none	none	none	zero	False	filterByExpr	NA (not used by this profile)	NA (not used by this profile)	1	none	none	symbol	symbol	Homo sapiens	9606	metadata	Sample ID	Group	Cancer	Control	^C	^N	False	NA (unset)	NA (unset)	NA (unset)	NA (unset)	NA (unset)	71	70	141	9541	TMM	False	0.5	2	edgeR_TMM_voom_limma	~group	Cancer_minus_Control	False	True	BH within matrix-entry modelled features	True	1	0.05	123	02ed14ab6e32e109ee198d74263db5b83dc9f83d39cf4dad9b80457d0ec7e25a	not bundled; historical output ID9.rda	Parameters are server-owned. Export thresholds are adjustable and do not refit the model. upstream_normalized and count_normalization are derived audit fields, not configuration keys.	141	db/dataset/metadata/NO09_GSE255775_metadata.xlsx	none	TRUE (Explore default; not a differential-model parameter)	03_results/differential/ID9/all.csv
10	Breast Cancer	28270605	Jian-Kang Zhu	6	LC-MS/MS	Ultracentrifugation	6 controls and 18  patients	Proteomics	Phosphoprotein	Plasma	Breast	Yes	PXD005214	db/dataset/NO10_PXD005214_counts.txt	db/dataset/metadata/NO10_PXD005214_metadata.xlsx	LFQ	True	proteomics_label_free	linear	vendor_LFQ	none	none	log2	zero	True	group_valid	0.5	3	1	none	row_median	symbol	symbol	Homo sapiens	9606	prefix	NA (unset)	NA (unset)	C	N	^C	^N	False	NA (unset)	NA (unset)	NA (unset)	NA (unset)	NA (unset)	3	3	6	280	NA (continuous profile)	True	0.5	2	limma_filtered	~group	C_minus_N	True	True	BH within matrix-entry modelled features	True	1	0.05	123	a25748db187396c31727365b970714287893387b71c5619c9a75232f4cbcac13	not bundled; historical output ID10.rda	Parameters are server-owned. Export thresholds are adjustable and do not refit the model. upstream_normalized and count_normalization are derived audit fields, not configuration keys.	24	NA (prefix grouping)	row_median	TRUE (Explore default; not a differential-model parameter)	03_results/differential/ID10/all.csv
11	Liver Cancer	37126797	Lianghai Hu	6	LC-MS/MS	Ultracentrifugation	3 controls and 3 patients	Proteomics	Protein	Urine	Liver	Yes	PXD040756	db/dataset/NO11_PXD040756_counts.txt	db/dataset/metadata/NO11_PXD040756_metadata.xlsx	LFQ	True	proteomics_label_free	linear	MaxLFQ	none	none	log2	zero	True	group_valid	0.5	3	1	none	row_median	symbol	symbol	Homo sapiens	9606	metadata	Sample ID	Group	Cancer	Control	^C	^N	False	NA (unset)	NA (unset)	NA (unset)	NA (unset)	NA (unset)	3	3	6	845	NA (continuous profile)	True	0.5	2	limma_filtered	~group	Cancer_minus_Control	True	True	BH within matrix-entry modelled features	True	1	0.05	123	854d9d7423d8d9e0fce2bbd66369b9bad0df0eb72e893be4eb3d60ca2b41b464	not bundled; historical output ID11.rda	Parameters are server-owned. Export thresholds are adjustable and do not refit the model. upstream_normalized and count_normalization are derived audit fields, not configuration keys.	6	db/dataset/metadata/NO11_PXD040756_metadata.xlsx	row_median	TRUE (Explore default; not a differential-model parameter)	03_results/differential/ID11/all.csv
12	Colorectal Cancer	35849310	Chan-Keng Yang	192	RNA-seq	The exoEasy Kit	90 controls and 102 patients	Transcriptomics	miRNA	Plasma	Colorectum	No	GSE188627	db/dataset/NO12_GSE188627_counts.txt	db/dataset/metadata/NO12_GSE188627_metadata.xlsx	Log2 normalized	True	transcriptomics_normalized	log2	RPM	none	log2p1	none	none	False	none	NA (not used by this profile)	NA (not used by this profile)	1	none	none	mirbase	mirbase	Homo sapiens	9606	metadata	Sample ID	Group	Cancer	Control	^C	^N	False	NA (unset)	NA (unset)	NA (unset)	NA (unset)	NA (unset)	102	90	192	1248	NA (continuous profile)	True	0.5	2	limma_filtered	~group	Cancer_minus_Control	True	True	BH within matrix-entry modelled features	True	1	0.05	123	9de134e9cfc1aa63dc8a2db88ce798c92e190d17d7f06a450ac92c21f7eb1920	not bundled; historical output ID12.rda	Input equals log2(GEO RPM+1); no further transformation. Verified against the GEO matrix. Export thresholds do not refit the model.	192	db/dataset/metadata/NO12_GSE188627_metadata.xlsx	none	TRUE (Explore default; not a differential-model parameter)	03_results/differential/ID12/all.csv
13	Prostate Cancer	32191585	Wei–Lin Winnie Wang	235	Affymetrix GeneChip miRNA 4.0	ExoQuick-TC	89 controls and 146 patients	Transcriptomics	miRNA	Urine	Prostate	No	GSE138740	db/dataset/NO13_GSE138740_counts.txt	db/dataset/metadata/NO13_GSE138740_metadata.xlsx	Log2 normalized	True	microarray	log2	RMA_GEO_processed	none	log2	none	none	False	none	NA (not used by this profile)	NA (not used by this profile)	1	none	none	mirbase	mirbase	Homo sapiens	9606	metadata	Sample ID	Group	Cancer	Control	^C	^N	False	NA (unset)	NA (unset)	NA (unset)	NA (unset)	NA (unset)	146	89	235	4422	NA (continuous profile)	True	0.5	2	limma_filtered	~group	Cancer_minus_Control	True	True	BH within matrix-entry modelled features	True	1	0.05	123	61b78fd5d9839048787fa0bb3a9f4a2006cd754996b585e7a6e91d94f1919b5f	not bundled; historical output ID13.rda	Parameters are server-owned. Export thresholds are adjustable and do not refit the model. upstream_normalized and count_normalization are derived audit fields, not configuration keys.	235	db/dataset/metadata/NO13_GSE138740_metadata.xlsx	none	TRUE (Explore default; not a differential-model parameter)	03_results/differential/ID13/all.csv
14	Breast Cancer	31963351	Patricia M M Ozawa	6	RNA-seq	Total Exosome Isolation Reagent	2 controls and 4 patients	Transcriptomics	miRNA	Serum	Breast	Yes	GSE141326	db/dataset/NO14_GSE141326_counts.txt	db/dataset/metadata/NO14_GSE141326_metadata.xlsx	Raw counts	True	rnaseq_raw_counts	count	none	none	none	none	zero	False	filterByExpr	NA (not used by this profile)	NA (not used by this profile)	1	none	none	mirbase	mirbase	Homo sapiens	9606	metadata	Sample ID	Group	Cancer	Control	^C	^N	False	NA (unset)	NA (unset)	NA (unset)	NA (unset)	NA (unset)	4	2	6	173	TMM	False	0.5	2	edgeR_TMM_voom_limma	~group	Cancer_minus_Control	False	True	BH within matrix-entry modelled features	True	1	0.05	123	f26a3f1b4da6fc1f824d763c69b99afab935ba3176aba86711b9ecb4783ca4e0	not bundled; historical output ID14.rda	Parameters are server-owned. Export thresholds are adjustable and do not refit the model. upstream_normalized and count_normalization are derived audit fields, not configuration keys.	6	db/dataset/metadata/NO14_GSE141326_metadata.xlsx	none	TRUE (Explore default; not a differential-model parameter)	03_results/differential/ID14/all.csv
15	Thyroid Cancer	32508877	Meihua Li	24	RNA-seq	Ultracentrifugation	8 controls and 16 patients	Transcriptomics	miRNA	Plasma	Thyroid	Yes	GSE130512	db/dataset/NO15_GSE130512_counts.txt	db/dataset/metadata/NO15_GSE130512_metadata.xlsx	Raw counts	True	rnaseq_raw_counts	count	none	none	none	none	zero	False	filterByExpr	NA (not used by this profile)	NA (not used by this profile)	1	none	none	mirbase	mirbase	Homo sapiens	9606	metadata	Sample ID	Group	Cancer	Control	^C	^N	False	NA (unset)	NA (unset)	NA (unset)	NA (unset)	NA (unset)	16	8	24	331	TMM	False	0.5	2	edgeR_TMM_voom_limma	~group	Cancer_minus_Control	False	True	BH within matrix-entry modelled features	True	1	0.05	123	d824be58577a0d67a2e48ca6e330a052ef6aec3968fcd7eccae76f5d8e08cc35	not bundled; historical output ID15.rda	Parameters are server-owned. Export thresholds are adjustable and do not refit the model. upstream_normalized and count_normalization are derived audit fields, not configuration keys.	24	db/dataset/metadata/NO15_GSE130512_metadata.xlsx	none	TRUE (Explore default; not a differential-model parameter)	03_results/differential/ID15/all.csv
16	Glioblastoma Multiforme	29330365	Eduardo Reátegui	19	RNA-seq	Microfluidic and magnetic beads	6 controls and 13 patients	Transcriptomics	mRNA	Serum	Nerve	Yes	GSE106804	db/dataset/NO16_GSE106804_counts.txt	db/dataset/metadata/NO16_GSE106804_metadata.xlsx	Raw counts	True	rnaseq_raw_counts	count	none	none	none	none	zero	False	filterByExpr	NA (not used by this profile)	NA (not used by this profile)	1	none	none	symbol	symbol	Homo sapiens	9606	metadata	Sample ID	Group	Cancer	Control	^C	^N	False	NA (unset)	NA (unset)	NA (unset)	NA (unset)	NA (unset)	13	6	19	2442	TMM	False	0.5	2	edgeR_TMM_voom_limma	~group	Cancer_minus_Control	False	True	BH within matrix-entry modelled features	True	1	0.05	123	3e15a816c34ae3b3ff3a7d107cbda90a5ccebfd55f4b2bcd0cb6219ff1f751be	not bundled; historical output ID16.rda	Parameters are server-owned. Export thresholds are adjustable and do not refit the model. upstream_normalized and count_normalization are derived audit fields, not configuration keys.	19	db/dataset/metadata/NO16_GSE106804_metadata.xlsx	none	TRUE (Explore default; not a differential-model parameter)	03_results/differential/ID16/all.csv
17	Pancreatic Ductal Adenocarcinoma	31562239	Shulin Yu	501	RNA-seq	The exoRNeasy Midi Kit	217 controls and 284 patients	Transcriptomics	mRNA	Plasma	Pancreas	No	GSE133684	db/dataset/NO17_GSE133684_counts.txt	db/dataset/metadata/NO17_GSE133684_metadata.xlsx	TPM	True	transcriptomics_normalized	linear	TPM	none	none	log2p1	zero	False	none	NA (not used by this profile)	NA (not used by this profile)	1	none	none	symbol	symbol	Homo sapiens	9606	metadata	Sample	analysis_group	PDAC	NonCancer	^C	^N	False	NA (unset)	NA (unset)	NA (unset)	NA (unset)	NA (unset)	284	217	501	18494	NA (continuous profile)	True	0.5	2	limma_filtered	~group	PDAC_minus_NonCancer	True	True	BH within matrix-entry modelled features	True	1	0.05	123	da08f6c137c25eb50af7dd60256c7b67d22b589dab0e4707a489908dab54114f	not bundled; regenerate ID17.rda with scripts/run_entry.py	Parameters are server-owned. Export thresholds are adjustable and do not refit the model. upstream_normalized and count_normalization are derived audit fields, not configuration keys.	501	db/dataset/metadata/GSE133684_metadata_501.tsv	none	TRUE (Explore default; not a differential-model parameter)	03_results/differential/ID17/all.csv
18	Colorectal Cancer	40311616	Jun Wang	60	DIA LC-MS/MS	Ultracentrifugation	20 controls and 40 patients	Proteomics	Protein	Plasma	Colorectum	Yes	PXD056586	db/dataset/NO18_PXD056586_counts.txt	db/dataset/metadata/NO18_PXD056586_metadata.xlsx	DIA label-free intensity	True	proteomics_label_free	linear	normalizeBetweenArrays	none	none	log2	NA	False	group_valid	0.5	3	1	none	row_median	symbol	symbol	Homo sapiens	9606	metadata	Sample ID	Group	Cancer	Control	^C	^N	False	NA (unset)	NA (unset)	NA (unset)	NA (unset)	NA (unset)	40	20	60	546	NA (continuous profile)	True	0.5	2	limma_filtered	~group	Cancer_minus_Control	True	True	BH within matrix-entry modelled features	True	1	0.05	123	c65bbf0dadd5628bbcc5f1dc4b5aab6249ab2f894233758817a595b83716e612	not bundled; historical output ID18.rda	Parameters are server-owned. Export thresholds are adjustable and do not refit the model. upstream_normalized and count_normalization are derived audit fields, not configuration keys.	60	db/dataset/metadata/NO18_PXD056586_metadata.xlsx	row_median	TRUE (Explore default; not a differential-model parameter)	03_results/differential/ID18/all.csv
19	Colorectal Cancer	40311616	Jun Wang	70	DIA LC-MS/MS	The exoEasy Kit	30 controls and 40 patients	Proteomics	Protein	Tissue	Colorectum	Yes	PXD056586	db/dataset/NO19_PXD056586_counts.txt	db/dataset/metadata/NO19_PXD056586_metadata.xlsx	DIA label-free intensity	True	proteomics_label_free	linear	normalizeBetweenArrays	none	none	log2	NA	False	group_valid	0.5	3	1	none	row_median	symbol	symbol	Homo sapiens	9606	prefix	NA (unset)	NA (unset)	C	N	^C	^N	False	NA (unset)	NA (unset)	NA (unset)	NA (unset)	NA (unset)	40	30	70	2742	NA (continuous profile)	True	0.5	2	limma_filtered	~group	C_minus_N	True	True	BH within matrix-entry modelled features	True	1	0.05	123	76f9612311ea2e01cccdd70a71698f6119c929dcd373cbcea440447c317e186c	not bundled; historical output ID19.rda	Parameters are server-owned. Export thresholds are adjustable and do not refit the model. upstream_normalized and count_normalization are derived audit fields, not configuration keys. Matrix groups use prefixes; metadata rows do not cover all 70 matrix columns.	70	NA (prefix grouping)	row_median	TRUE (Explore default; not a differential-model parameter)	03_results/differential/ID19/all.csv
20	Glioblastoma	38212481	Susannah M Hallal	31	LC–MS/MS	Ultracentrifugation	14controls and 17patients	Proteomics	Protein	Urine	Nerve	Yes	PXD046511	db/dataset/NO20_PXD046511_counts.txt	db/dataset/metadata/NO20_PXD046511_metadata.xlsx	DIA	True	proteomics_label_free	linear	vendor_DIA_normalization	none	none	log2	NA	False	group_valid	0.5	3	1	none	row_median	symbol	symbol	Homo sapiens	9606	metadata	Sample ID	Group	Cancer	Control	^C	^N	False	NA (unset)	NA (unset)	NA (unset)	NA (unset)	NA (unset)	17	14	31	2953	NA (continuous profile)	True	0.5	2	limma_filtered	~group	Cancer_minus_Control	True	True	BH within matrix-entry modelled features	True	1	0.05	123	b41cf26087af60455267bf16df79a3447988869520c9244fdd1d44acf882eafb	not bundled; historical output ID20.rda	Parameters are server-owned. Export thresholds are adjustable and do not refit the model. upstream_normalized and count_normalization are derived audit fields, not configuration keys.	31	db/dataset/metadata/NO20_PXD046511_metadata.xlsx	row_median	TRUE (Explore default; not a differential-model parameter)	03_results/differential/ID20/all.csv
21	Bladder Cancer	35611462	Ko Igami	8	LC–MS/MS	Centrifugation and DTT	4 controls and 4 patients	Proteomics	Protein	Urine	Bladder	Yes	NO22	db/dataset/NO21_counts.txt	db/dataset/metadata/NO21_metadata.xlsx	Relative intensity	True	proteomics_label_free	linear	MaxLFQ	none	none	log2	zero	True	group_valid	0.5	3	1	none	row_median	symbol	symbol	Homo sapiens	9606	metadata	Sample	Group	Cancer	Control	^C	^N	False	NA (unset)	NA (unset)	NA (unset)	NA (unset)	NA (unset)	4	4	8	405	NA (continuous profile)	True	0.5	2	limma_filtered	~group	Cancer_minus_Control	True	True	BH within matrix-entry modelled features	True	1	0.05	123	e8d8b8f8a05f4c4c432eff9c1f5b30d2b0575ffd26cafcf783493a4c2dcf8739	not bundled; historical output ID21.rda	Parameters are server-owned. Export thresholds are adjustable and do not refit the model. upstream_normalized and count_normalization are derived audit fields, not configuration keys.	8	db/dataset/metadata/NO21_metadata.xlsx	row_median	TRUE (Explore default; not a differential-model parameter)	03_results/differential/ID21/all.csv
22	Epithelial Ovarian Cancer	35954383	Huiling Lai	27	LC–MS/MS	Ultracentrifugation and SEC	18 controls and 9 patients	Proteomics	Protein	Serum	Ovary	Yes	NO23	db/dataset/NO22_counts.txt	db/dataset/metadata/NO22_metadata.xlsx	Relative intensity	True	proteomics_label_free	linear	upstream_relative_normalization	none	none	log2	NA	False	group_valid	0.5	3	1	none	row_median	symbol	symbol	Homo sapiens	9606	metadata	sample ID	Group	Cancer	Control	^C	^N	False	NA (unset)	NA (unset)	NA (unset)	NA (unset)	NA (unset)	9	18	27	661	NA (continuous profile)	True	0.5	2	limma_filtered	~group	Cancer_minus_Control	True	True	BH within matrix-entry modelled features	True	1	0.05	123	e5cbfbe0f8777e948c4e71466d62cf30935c86d1bbc4023271172c0c5dd1847d	not bundled; historical output ID22.rda	Parameters are server-owned. Export thresholds are adjustable and do not refit the model. upstream_normalized and count_normalization are derived audit fields, not configuration keys.	27	db/dataset/metadata/NO22_metadata.xlsx	row_median	TRUE (Explore default; not a differential-model parameter)	03_results/differential/ID22/all.csv
23	Gliomas	34900729	Rashmi Rana	12	LC–MS/MS	Ultracentrifugation	3 controls and 9 patients	Proteomics	Protein	Plasma	Nerve	Yes	NO24	db/dataset/NO23_counts.txt	db/dataset/metadata/NO23_metadata.xlsx	Relative intensity	True	proteomics_label_free	linear	upstream_relative_normalization	none	none	log2	zero	True	group_valid	0.5	3	1	none	row_median	symbol	symbol	Homo sapiens	9606	metadata	Sample	Group	Cancer	Control	^C	^N	False	NA (unset)	NA (unset)	NA (unset)	NA (unset)	NA (unset)	9	3	12	84	NA (continuous profile)	True	0.5	2	limma_filtered	~group	Cancer_minus_Control	True	True	BH within matrix-entry modelled features	True	1	0.05	123	c433283e210c9420e0e2097cf16f67c84457c43a6f19d3ce222f53ef3e42a3af	not bundled; historical output ID23.rda	Parameters are server-owned. Export thresholds are adjustable and do not refit the model. upstream_normalized and count_normalization are derived audit fields, not configuration keys.	12	db/dataset/metadata/NO23_metadata.xlsx	row_median	TRUE (Explore default; not a differential-model parameter)	03_results/differential/ID23/all.csv
24	Lung Cancer	37189121	Qinsi Yang	102	LC–MS/MS	Ultracentrifugation	27 controls and 75 patients	Metabolomics	Metabolite	Urine	Lung	Yes	NO25	db/dataset/NO24_counts.txt	db/dataset/metadata/NO24_metadata.xlsx	Relative intensity	True	metabolomics_abundance	linear	particle_number	none	none	log2p1	zero	False	group_valid	0.5	3	1	none	none	metabolite_name	metabolite_name	Homo sapiens	9606	metadata	Sample	Group	C	N	^C	^N	False	NA (unset)	NA (unset)	NA (unset)	NA (unset)	NA (unset)	75	27	102	698	NA (continuous profile)	True	0.5	2	wilcoxon_rank_sum	~group	C_minus_N	NA	NA	BH within matrix-entry modelled features	True	1	0.05	123	2d8007f8a834b98fab9a48c8defe832b31fc01d431e64f32339d30b1585cfa98	not bundled; historical output ID24.rda	Parameters are server-owned. Export thresholds are adjustable and do not refit the model. upstream_normalized and count_normalization are derived audit fields, not configuration keys.	102	db/dataset/metadata/NO24_metadata.xlsx	none	TRUE (Explore default; not a differential-model parameter)	03_results/differential/ID24/all.csv
25	Esophageal Squamous Cell Carcinoma	34648610	Qingfu Zhu	91	LC-ESI-MS/MS	EXODUS	20 controls and 71 patients	Metabolomics	Metabolite	Plasma	Esophagus	Yes	NO26	db/dataset/NO25_counts.txt	db/dataset/metadata/NO25_metadata.xlsx	Relative intensity	True	metabolomics_abundance	linear	relative_intensity	none	none	log2p1	none	False	group_valid	0.5	3	1	none	none	metabolite_name	metabolite_name	Homo sapiens	9606	metadata	Sample	Group	Cancer	Control	^C	^N	False	NA (unset)	NA (unset)	NA (unset)	NA (unset)	NA (unset)	71	20	91	195	NA (continuous profile)	True	0.5	2	wilcoxon_rank_sum	~group	Cancer_minus_Control	NA	NA	BH within matrix-entry modelled features	True	1	0.05	123	0262335be5aad1576cb5decfda2dac651e04a1becf55e81b6624096183073e03	not bundled; historical output ID25.rda	Parameters are server-owned. Export thresholds are adjustable and do not refit the model. upstream_normalized and count_normalization are derived audit fields, not configuration keys.	91	db/dataset/metadata/NO25_metadata.xlsx	none	TRUE (Explore default; not a differential-model parameter)	03_results/differential/ID25/all.csv
26	Gastric Adenocarcinoma	36505781	Lei Gu	36	LC–MS/MS	Ultracentrifugation	19 controls and 33 patients	Proteomics	Protein	Serum	Stomach	Yes	PXD027535	db/dataset/NO26_PXD027535_counts.txt	db/dataset/metadata/NO26_PXD027535_metadata.xlsx	DIA	True	proteomics_label_free	linear	vendor_DIA_normalization	none	none	log2	none	False	group_valid	0.5	3	1	none	none	symbol	symbol	Homo sapiens	9606	metadata	Sample ID	Group	Cancer	Control	^C	^N	False	NA (unset)	NA (unset)	NA (unset)	NA (unset)	NA (unset)	18	18	36	112	NA (continuous profile)	True	0.5	2	limma_filtered	~group	Cancer_minus_Control	True	True	BH within matrix-entry modelled features	True	1	0.05	123	30c6b307c6a3f243bf543a4d8fa9f136e7492b4ec16f7d88d1952e35d5753799	not bundled; historical output ID26.rda	Parameters are server-owned. Export thresholds are adjustable and do not refit the model. upstream_normalized and count_normalization are derived audit fields, not configuration keys.	52	db/dataset/metadata/NO26_PXD027535_metadata.xlsx	none	TRUE (Explore default; not a differential-model parameter)	03_results/differential/ID26/all.csv
27	Breast Cancer	34265469	Sipeng Li	27	LC–MS/MS	Centrifugation and filtering	17 controls and 10 patients	Proteomics	Protein	Serum	Breast	Yes	PXD027696	db/dataset/NO27_PXD027696_counts.txt	db/dataset/metadata/NO27_PXD027696_metadata.xlsx	TMT	True	proteomics_tmt	linear	reference_channel	none	none	log2	none	False	group_valid	0.5	3	1	none	none	symbol	symbol	Homo sapiens	9606	metadata	Sample ID	Group	Cancer	Control	^C	^N	False	NA (unset)	NA (unset)	NA (unset)	NA (unset)	NA (unset)	10	17	27	354	NA (continuous profile)	True	0.5	2	limma_filtered	~group	Cancer_minus_Control	True	True	BH within matrix-entry modelled features	True	1	0.05	123	3d6326c00a01547c9754ce6ce981337d21fd7962d3cd0131bfb51ac0fe762edf	not bundled; historical output ID27.rda	Parameters are server-owned. Export thresholds are adjustable and do not refit the model. upstream_normalized and count_normalization are derived audit fields, not configuration keys.	27	db/dataset/metadata/NO27_PXD027696_metadata.xlsx	none	TRUE (Explore default; not a differential-model parameter)	03_results/differential/ID27/all.csv
28	Intraductal Papillary Mucinous Neoplasm	37628784	Anelis Maria Marin	17	NanoLC-MS/MS	miRCURY® Exosome Serum/Plasma Kit	10 controls and 7 patients	Proteomics	Protein	Plasma	Pancreas	Yes	PXD042543	db/dataset/NO28_PXD042543_counts.txt	db/dataset/metadata/NO28_PXD042543_metadata.xlsx	LFQ	True	proteomics_label_free	linear	vendor_LFQ	none	none	log2	zero	True	group_valid	0.5	3	1	none	row_median	symbol	symbol	Homo sapiens	9606	metadata	Sample ID	Group	Cancer	Control	^C	^N	False	NA (unset)	NA (unset)	NA (unset)	NA (unset)	NA (unset)	7	10	17	139	NA (continuous profile)	True	0.5	2	limma_filtered	~group	Cancer_minus_Control	True	True	BH within matrix-entry modelled features	True	1	0.05	123	155cded6ab5b4832a6713d99c8f9c50f3758cab65bef31050038e1747b104d26	not bundled; historical output ID28.rda	Parameters are server-owned. Export thresholds are adjustable and do not refit the model. upstream_normalized and count_normalization are derived audit fields, not configuration keys.	17	db/dataset/metadata/NO28_PXD042543_metadata.xlsx	row_median	TRUE (Explore default; not a differential-model parameter)	03_results/differential/ID28/all.csv
29	Pancreatic Ductal Adenocarcinoma	37628784	Anelis Maria Marin	15	NanoLC-MS/MS	miRCURY® Exosome Serum/Plasma Kit	10 controls and 5 patients	Proteomics	Protein	Plasma	Pancreas	Yes	PXD042543	db/dataset/NO29_PXD042543_counts.txt	db/dataset/metadata/NO29_PXD042543_metadata.xlsx	LFQ	True	proteomics_label_free	linear	vendor_LFQ	none	none	log2	zero	True	group_valid	0.5	3	1	none	row_median	symbol	symbol	Homo sapiens	9606	metadata	Sample ID	Group	Cancer	Control	^C	^N	False	NA (unset)	NA (unset)	NA (unset)	NA (unset)	NA (unset)	5	10	15	140	NA (continuous profile)	True	0.5	2	limma_filtered	~group	Cancer_minus_Control	True	True	BH within matrix-entry modelled features	True	1	0.05	123	ffb60710150638d67b3efa1590ed01c692892ff0e44cdf021fd375cfe36248a7	not bundled; historical output ID29.rda	Parameters are server-owned. Export thresholds are adjustable and do not refit the model. upstream_normalized and count_normalization are derived audit fields, not configuration keys.	15	db/dataset/metadata/NO29_PXD042543_metadata.xlsx	row_median	TRUE (Explore default; not a differential-model parameter)	03_results/differential/ID29/all.csv
30	Melanoma	38353833	Evelyn Lattmann	9	DIA LC–MS/MS	SEC	3 controls and 6 patients	Proteomics	Protein	Plasma	Skin	Yes	PXD038800	db/dataset/NO30_PXD038800_counts.txt	db/dataset/metadata/NO30_PXD038800_metadata.xlsx	DIA	True	proteomics_label_free	linear	Spectronaut_normalization	none	none	log2	NA	False	group_valid	0.5	3	1	none	row_median	symbol	symbol	Homo sapiens	9606	metadata	Sample ID	Group	Cancer	Control	^C	^N	False	NA (unset)	NA (unset)	NA (unset)	NA (unset)	NA (unset)	6	3	9	214	NA (continuous profile)	True	0.5	2	limma_filtered	~group	Cancer_minus_Control	True	True	BH within matrix-entry modelled features	True	1	0.05	123	934b9871a77270d3b7e2cf913767b7f3f34548a81b5af3646ce5dcec3af4e633	not bundled; historical output ID30.rda	Parameters are server-owned. Export thresholds are adjustable and do not refit the model. upstream_normalized and count_normalization are derived audit fields, not configuration keys.	9	db/dataset/metadata/NO30_PXD038800_metadata.xlsx	row_median	TRUE (Explore default; not a differential-model parameter)	03_results/differential/ID30/all.csv
31	Melanoma	38353833	Evelyn Lattmann	9	DIA LC–MS/MS	SEC	3 controls and 6 patients	Proteomics	Protein	Serum	Skin	Yes	PXD038800	db/dataset/NO31_PXD038800_counts.txt	db/dataset/metadata/NO31_PXD038800_metadata.xlsx	DIA	True	proteomics_label_free	linear	Spectronaut_normalization	none	none	log2	NA	False	group_valid	0.5	3	1	none	row_median	symbol	symbol	Homo sapiens	9606	metadata	Sample ID	Group	Cancer	Control	^C	^N	False	NA (unset)	NA (unset)	NA (unset)	NA (unset)	NA (unset)	6	3	9	1825	NA (continuous profile)	True	0.5	2	limma_filtered	~group	Cancer_minus_Control	True	True	BH within matrix-entry modelled features	True	1	0.05	123	b509b6c7a31d45635f6770bbc4cbb1fb6af12d61f852cd70d1bc539eeeddc1e9	not bundled; historical output ID31.rda	Parameters are server-owned. Export thresholds are adjustable and do not refit the model. upstream_normalized and count_normalization are derived audit fields, not configuration keys.	9	db/dataset/metadata/NO31_PXD038800_metadata.xlsx	row_median	TRUE (Explore default; not a differential-model parameter)	03_results/differential/ID31/all.csv
32	Hepatocellular carcinoma	32441313	Suchandrima Ghosh	10	RNA-seq	ExoEnrich instant exosome isolation kit	5 controls and 5 patients	Transcriptomics	mRNA	Tissue	Liver	No	GSE140845	db/dataset/NO32_GSE140845_counts.txt	db/dataset/metadata/NO32_GSE140845_metadata.xlsx	Raw counts	True	rnaseq_raw_counts	count	none	none	none	none	zero	False	filterByExpr	NA (not used by this profile)	NA (not used by this profile)	1	none	none	symbol	symbol	Homo sapiens	9606	metadata	Sample ID	Group	Cancer	Control	^C	^N	False	NA (unset)	NA (unset)	NA (unset)	NA (unset)	NA (unset)	5	5	10	15513	TMM	False	0.5	2	edgeR_TMM_voom_limma	~group	Cancer_minus_Control	False	True	BH within matrix-entry modelled features	True	1	0.05	123	0f3138ce7af244d1417e8db02be4aace8168da38273c2a328aaccf89fd16d2d0	not bundled; historical output ID32.rda	Parameters are server-owned. Export thresholds are adjustable and do not refit the model. upstream_normalized and count_normalization are derived audit fields, not configuration keys.	10	db/dataset/metadata/NO32_GSE140845_metadata.xlsx	none	TRUE (Explore default; not a differential-model parameter)	03_results/differential/ID32/all.csv
33	Neuroblastoma	37947594	Martina Morini	72	MS/MS	The exoRNeasy Midi Kit	24 controls and 48 patients	Proteomics	Protein	Plasma	Nerve	Yes	PXD042422	db/dataset/NO33_PXD042422_counts.txt	db/dataset/metadata/NO33_PXD042422_metadata.xlsx	LFQ	True	proteomics_label_free	linear	MaxLFQ	none	none	log2	zero	True	group_valid	0.5	3	1	none	row_median	symbol	symbol	Homo sapiens	9606	metadata	Sample ID	Group	Cancer	Control	^C	^N	False	NA (unset)	NA (unset)	NA (unset)	NA (unset)	NA (unset)	48	24	72	279	NA (continuous profile)	True	0.5	2	limma_filtered	~group	Cancer_minus_Control	True	True	BH within matrix-entry modelled features	True	1	0.05	123	1e3e1a6096ba02b7610f7d75eb963b103f3e2282e90497d9e0f3a15d0206a114	not bundled; historical output ID33.rda	Parameters are server-owned. Export thresholds are adjustable and do not refit the model. upstream_normalized and count_normalization are derived audit fields, not configuration keys.	72	db/dataset/metadata/NO33_PXD042422_metadata.xlsx	row_median	TRUE (Explore default; not a differential-model parameter)	03_results/differential/ID33/all.csv
34	Prostate cancer	35805153	Hao Zhang	14	LC–MS/MS	EVtrap	7 controls and 7 patients	Proteomics	Phosphoprotein	Urine	Prostate	Yes	PXD033595	db/dataset/NO34_PXD033595_counts.txt	db/dataset/metadata/NO34_PXD033595_metadata.xlsx	LFQ	True	proteomics_label_free	linear	vendor_LFQ	none	none	log2	NA; zero	True	group_valid	0.5	3	1	none	row_median	symbol	symbol	Homo sapiens	9606	metadata	Sample ID	Group	Cancer	Control	^C	^N	False	NA (unset)	NA (unset)	NA (unset)	NA (unset)	NA (unset)	7	7	14	1705	NA (continuous profile)	True	0.5	2	limma_filtered	~group	Cancer_minus_Control	True	True	BH within matrix-entry modelled features	True	1	0.05	123	d70e33928a8dc99d2253b27475394cf8e3efc0668d488bb38d8fbb7384e202e9	not bundled; historical output ID34.rda	Parameters are server-owned. Export thresholds are adjustable and do not refit the model. upstream_normalized and count_normalization are derived audit fields, not configuration keys.	14	db/dataset/metadata/NO34_PXD033595_metadata.xlsx	row_median	TRUE (Explore default; not a differential-model parameter)	03_results/differential/ID34/all.csv
35	Kidney cancer	32396726	Anton Iliuk	15	LC–MS/MS	EVtrap	10 controls and 5 patients	Proteomics	Phosphoprotein	Plasma	Kidney	Yes	PXD017994	db/dataset/NO35_PXD017994_counts.txt	db/dataset/metadata/NO35_PXD017994_metadata.xlsx	LFQ	True	proteomics_label_free	linear	vendor_LFQ	none	none	log2	NA	False	group_valid	0.5	3	1	none	row_median	symbol	symbol	Homo sapiens	9606	metadata	Sample ID	Group	Cancer	Control	^C	^N	False	NA (unset)	NA (unset)	NA (unset)	NA (unset)	NA (unset)	5	10	15	635	NA (continuous profile)	True	0.5	2	limma_filtered	~group	Cancer_minus_Control	True	True	BH within matrix-entry modelled features	True	1	0.05	123	7958ef6b05407f04f19786f7cec5ae97f94e769123ec8696a6a502f8d1a44eb7	not bundled; historical output ID35.rda	Parameters are server-owned. Export thresholds are adjustable and do not refit the model. upstream_normalized and count_normalization are derived audit fields, not configuration keys.	15	db/dataset/metadata/NO35_PXD017994_metadata.xlsx	row_median	TRUE (Explore default; not a differential-model parameter)	03_results/differential/ID35/all.csv
36	Kidney cancer	32396726	Anton Iliuk	15	LC–MS/MS	EVtrap	10 controls and 5 patients	Proteomics	Protein	Plasma	Kidney	Yes	PXD017994	db/dataset/NO36_PXD017994_counts.txt	db/dataset/metadata/NO36_PXD017994_metadata.xlsx	LFQ	True	proteomics_label_free	linear	vendor_LFQ	none	none	log2	NA	False	group_valid	0.5	3	1	none	row_median	symbol	symbol	Homo sapiens	9606	metadata	Sample	Group	Cancer	Control	^C	^N	False	NA (unset)	NA (unset)	NA (unset)	NA (unset)	NA (unset)	5	10	15	1084	NA (continuous profile)	True	0.5	2	limma_filtered	~group	Cancer_minus_Control	True	True	BH within matrix-entry modelled features	True	1	0.05	123	b1bfac83a2ccca12d8a8664c040c70574bab4bc5ea1d75a0fa720423528babc3	not bundled; historical output ID36.rda	Parameters are server-owned. Export thresholds are adjustable and do not refit the model. upstream_normalized and count_normalization are derived audit fields, not configuration keys.	15	db/dataset/metadata/NO36_PXD017994_metadata.xlsx	row_median	TRUE (Explore default; not a differential-model parameter)	03_results/differential/ID36/all.csv
37	Bladder cancer	37702715	Yi-Kai Liu	53	LC–MS/MS	EVtrap	16 controls and 37 patients	Proteomics	Protein	Urine	Bladder	Yes	PXD041118	db/dataset/NO37_PXD041118_counts.txt	db/dataset/metadata/NO37_PXD041118_metadata.xlsx	DIA	True	proteomics_label_free	linear	DIA-NN_robust_LC	none	none	log2	NA	False	group_valid	0.5	3	1	none	row_median	symbol	symbol	Homo sapiens	9606	metadata	Sample ID	Group	Cancer	Control	^C	^N	False	NA (unset)	NA (unset)	NA (unset)	NA (unset)	NA (unset)	37	16	53	2377	NA (continuous profile)	True	0.5	2	limma_filtered	~group	Cancer_minus_Control	True	True	BH within matrix-entry modelled features	True	1	0.05	123	f073e858506e3c1b88a1f2e416781fb6b4388a88cffbeabc64b7db7f3a75c938	not bundled; historical output ID37.rda	Parameters are server-owned. Export thresholds are adjustable and do not refit the model. upstream_normalized and count_normalization are derived audit fields, not configuration keys.	53	db/dataset/metadata/NO37_PXD041118_metadata.xlsx	row_median	TRUE (Explore default; not a differential-model parameter)	03_results/differential/ID37/all.csv
38	Gastric cancer	38914980	Yongchao Yang	22	Microarray	Exosome Isolation Kit	10 controls and 12 patients	Transcriptomics	miRNA	Ascites	Stomach	No	GSE126399	db/dataset/NO38_GSE126399_counts.txt	db/dataset/metadata/NO38_GSE126399_metadata.xlsx	Log2 normalized	True	microarray	log2	GEO_series_matrix_normalized	none	log2	none	zero	False	none	NA (not used by this profile)	NA (not used by this profile)	1	none	none	mirbase	mirbase	Homo sapiens	9606	metadata	Sample	Group	Cancer	Control	^C	^N	False	NA (unset)	NA (unset)	NA (unset)	NA (unset)	NA (unset)	12	10	22	2006	NA (continuous profile)	True	0.5	2	limma_filtered	~group	Cancer_minus_Control	True	True	BH within matrix-entry modelled features	True	1	0.05	123	30c9f01e710cc462f25bbc46c37a57d2180e92c16bcb307ededef3e10bbb6648	not bundled; historical output ID38.rda	Parameters are server-owned. Export thresholds are adjustable and do not refit the model. upstream_normalized and count_normalization are derived audit fields, not configuration keys.	22	db/dataset/metadata/NO38_GSE126399_metadata.xlsx	none	TRUE (Explore default; not a differential-model parameter)	03_results/differential/ID38/all.csv
39	Hepatocellular carcinoma	32441313	Suchandrima Ghosh	6	RNA-seq	ExoEnrich instant exosome isolation kit	3 controls and 3 patients	Transcriptomics	miRNA	Tissue	Liver	No	GSE140370	db/dataset/NO39_GSE140370_counts.txt	db/dataset/metadata/NO39_GSE140370_metadata.xlsx[NOT READY]	Raw counts	True	rnaseq_raw_counts	count	none	none	none	none	zero	False	filterByExpr	NA (not used by this profile)	NA (not used by this profile)	1	none	none	mirbase	mirbase	Homo sapiens	9606	metadata	Sample ID	Group	Cancer	Control	^C	^N	False	NA (unset)	NA (unset)	NA (unset)	NA (unset)	NA (unset)	3	3	6	293	TMM	False	0.5	2	edgeR_TMM_voom_limma	~group	Cancer_minus_Control	False	True	BH within matrix-entry modelled features	True	1	0.05	123	c3248e75e58d3e15cd51c235a162d698bb15530104b6e1f0fdc0e8adc1a6a4d7	not bundled; historical output ID39.rda	Parameters are server-owned. Export thresholds are adjustable and do not refit the model. upstream_normalized and count_normalization are derived audit fields, not configuration keys.	6	db/dataset/metadata/NO39_GSE140370_metadata.xlsx	none	TRUE (Explore default; not a differential-model parameter)	03_results/differential/ID39/all.csv
40	Gastric cancer	40071449	Fanqin Bu	150	LC–MS/MS	NanoFisher	100 controls and 50 patients	Metabolomics	Metabolite	Plasma	Stomach	Yes	NO44	db/dataset/NO40_counts.txt	db/dataset/metadata/NO40_metadata.xlsx	Relative intensity	True	metabolomics_abundance	linear	unknown	none	none	log2p1	zero	False	group_valid	0.5	3	1	none	none	metabolite_name	metabolite_name	Homo sapiens	9606	metadata	Sample	Group	Cancer	Control	^C	^N	False	NA (unset)	NA (unset)	NA (unset)	NA (unset)	NA (unset)	50	100	150	2011	NA (continuous profile)	NA (not established)	0.5	2	wilcoxon_rank_sum	~group	Cancer_minus_Control	NA	NA	BH within matrix-entry modelled features	True	1	0.05	123	fe6eb3426ab57bbc4ec2c6f1934372fabc39d5ac790672da6d6c9846e6bf2085	not bundled; historical output ID40.rda	Parameters are server-owned. Export thresholds are adjustable and do not refit the model. upstream_normalized and count_normalization are derived audit fields, not configuration keys.	150	db/dataset/metadata/NO40_metadata.xlsx	none	TRUE (Explore default; not a differential-model parameter)	03_results/differential/ID40/all.csv
41	Esophageal Squamous Cell Carcinoma	32043367	Li Tian	18	RNA-seq	Ultracentrifugation	12 controls and 6 patients	Transcriptomics	lncRNA	Plasma	Esophagus	Yes	GSE104926	db/dataset/NO41_GSE104926_counts.txt	db/dataset/metadata/NO41_GSE104926_metadata.xlsx[NOT READY]	Raw counts	True	rnaseq_raw_counts	count	none	none	none	none	zero	False	filterByExpr	NA (not used by this profile)	NA (not used by this profile)	1	none	none	symbol	symbol	Homo sapiens	9606	metadata	Sanmple ID	Group	Cancer	Control	^C	^N	False	NA (unset)	NA (unset)	NA (unset)	NA (unset)	NA (unset)	6	12	18	4068	TMM	False	0.5	2	edgeR_TMM_voom_limma	~group	Cancer_minus_Control	False	True	BH within matrix-entry modelled features	True	1	0.05	123	aeaca81df220036bd56d7e6b69afa673c3f69a2bb89af97c6f7cab10da80d708	not bundled; historical output ID41.rda	Parameters are server-owned. Export thresholds are adjustable and do not refit the model. upstream_normalized and count_normalization are derived audit fields, not configuration keys.	18	db/dataset/metadata/NO41_GSE104926_metadata.xlsx	none	TRUE (Explore default; not a differential-model parameter)	03_results/differential/ID41/all.csv
42	Esophageal Squamous Cell Carcinoma	32043367	Li Tian	18	RNA-seq	Ultracentrifugation	12 controls and 6 patients	Transcriptomics	mRNA	Plasma	Esophagus	Yes	GSE104926	db/dataset/NO42_GSE104926_counts.txt	db/dataset/metadata/NO42_GSE104926_metadata.xlsx[NOT READY]	Raw counts	True	rnaseq_raw_counts	count	none	none	none	none	zero	False	filterByExpr	NA (not used by this profile)	NA (not used by this profile)	1	none	none	symbol	symbol	Homo sapiens	9606	metadata	Sanmple ID	Group	Cancer	Control	^C	^N	False	NA (unset)	NA (unset)	NA (unset)	NA (unset)	NA (unset)	6	12	18	18317	TMM	False	0.5	2	edgeR_TMM_voom_limma	~group	Cancer_minus_Control	False	True	BH within matrix-entry modelled features	True	1	0.05	123	757730c981b90fdd508165d3337302b9c6f87e486c48d041c318f7353b712074	not bundled; historical output ID42.rda	Parameters are server-owned. Export thresholds are adjustable and do not refit the model. upstream_normalized and count_normalization are derived audit fields, not configuration keys.	18	db/dataset/metadata/NO42_GSE104926_metadata.xlsx	none	TRUE (Explore default; not a differential-model parameter)	03_results/differential/ID42/all.csv
43	Esophageal Squamous Cell Carcinoma	39849483	Jianlin Chen	16	RNA-seq	Fuc glycosylation capture strategie	6 controls and 10 patients	Transcriptomics	miRNA	Serum	Esophagus	Yes	NO49	db/dataset/NO43_counts.txt	db/dataset/metadata/NO43_metadata.xlsx[NOT READY]	Raw counts	True	rnaseq_raw_counts	count	none	none	none	none	zero	False	filterByExpr	NA (not used by this profile)	NA (not used by this profile)	1	none	none	mirbase	mirbase	Homo sapiens	9606	metadata	Sample ID	Group	Cancer	Control	^C	^N	False	NA (unset)	NA (unset)	NA (unset)	NA (unset)	NA (unset)	10	6	16	257	TMM	False	0.5	2	edgeR_TMM_voom_limma	~group	Cancer_minus_Control	False	True	BH within matrix-entry modelled features	True	1	0.05	123	9fcd064736cf3c4737a76cd19e253b340bd3e39952199699dc38e6ec37652d25	not bundled; historical output ID43.rda	Parameters are server-owned. Export thresholds are adjustable and do not refit the model. upstream_normalized and count_normalization are derived audit fields, not configuration keys.	16	db/dataset/metadata/NO43_metadata.xlsx	none	TRUE (Explore default; not a differential-model parameter)	03_results/differential/ID43/all.csv
44	Esophageal Squamous Cell Carcinoma	39849483	Jianlin Chen	48	RNA-seq	Sia glycosylation capture strategie	36 controls and 12 patients	Transcriptomics	miRNA	Serum	Esophagus	Yes	NO50	db/dataset/NO44_counts.txt	db/dataset/metadata/NO44_metadata.xlsx[NOT READY]	Raw counts	True	rnaseq_raw_counts	count	none	none	none	none	zero	False	filterByExpr	NA (not used by this profile)	NA (not used by this profile)	1	none	none	mirbase	mirbase	Homo sapiens	9606	metadata	Sample ID	Group	Cancer	Control	^C	^N	False	NA (unset)	NA (unset)	NA (unset)	NA (unset)	NA (unset)	12	36	48	403	TMM	False	0.5	2	edgeR_TMM_voom_limma	~group	Cancer_minus_Control	False	True	BH within matrix-entry modelled features	True	1	0.05	123	09c532f1c1200f25cca1ddedfde6cdf32c1469eca483dfff3d0c742f2fe6017f	not bundled; historical output ID44.rda	Parameters are server-owned. Export thresholds are adjustable and do not refit the model. upstream_normalized and count_normalization are derived audit fields, not configuration keys.	48	db/dataset/metadata/NO44_metadata.xlsx	none	TRUE (Explore default; not a differential-model parameter)	03_results/differential/ID44/all.csv
45	Colorectal Cancer	40635521	Petra Vychytilova-Faltejskov	150	Microarray	SEC	50 controls and 100 patients	Transcriptomics	miRNA	Serum	Colorectum	No	GSE277272	db/dataset/NO45_GSE277272_counts.txt	db/dataset/metadata/NO45_GSE277272_metadata.xlsx	Log2 normalized	True	microarray	log2	RMA	none	log2	none	none	False	none	NA (not used by this profile)	NA (not used by this profile)	1	none	none	mirbase	mirbase	Homo sapiens	9606	metadata	Sample ID	Group	Cancer	Control	^C	^N	False	NA (unset)	NA (unset)	NA (unset)	NA (unset)	NA (unset)	100	50	150	1366	NA (continuous profile)	True	0.5	2	limma_filtered	~group	Cancer_minus_Control	True	True	BH within matrix-entry modelled features	True	1	0.05	123	84dfbf9ebae84b16091fcf6f1375ee64df4edbc34652b3fa73347e1d96c6183a	not bundled; historical output ID45.rda	Parameters are server-owned. Export thresholds are adjustable and do not refit the model. upstream_normalized and count_normalization are derived audit fields, not configuration keys.	150	db/dataset/metadata/NO45_GSE277272_metadata.xlsx	none	TRUE (Explore default; not a differential-model parameter)	03_results/differential/ID45/all.csv
46	Pancreatic Cancer	40778835	Jianying Xu	85	RNA-seq	Ultracentrifugation AND Precipitation	20 controls and 65 patients	Transcriptomics	miRNA	Plasma	Pancreas	Yes	GSE304572	db/dataset/NO46_GSE304572_counts.txt	db/dataset/metadata/NO46_GSE304572_metadata.xlsx[NOT READY]	Raw counts	True	rnaseq_raw_counts	count	none	none	none	none	zero	False	filterByExpr	NA (not used by this profile)	NA (not used by this profile)	1	none	none	mirbase	mirbase	Homo sapiens	9606	metadata	Sample ID	Group	Cancer	Control	^C	^N	False	NA (unset)	NA (unset)	NA (unset)	NA (unset)	NA (unset)	65	20	85	93	TMM	False	0.5	2	edgeR_TMM_voom_limma	~group	Cancer_minus_Control	False	True	BH within matrix-entry modelled features	True	1	0.05	123	a6deb3893724e33ff064113b8d738f8606462c4e258b3347a671466f61cedbc9	not bundled; historical output ID46.rda	Parameters are server-owned. Export thresholds are adjustable and do not refit the model. upstream_normalized and count_normalization are derived audit fields, not configuration keys.	85	db/dataset/metadata/NO46_GSE304572_metadata.xlsx	none	TRUE (Explore default; not a differential-model parameter)	03_results/differential/ID46/all.csv
47	Medulloblastoma	41096549	Laura Reetz	6	LC–MS/MS	UF-SEC	3 controls and 3 patients	Proteomics	Protein	Plasma	Nerve	Yes	PXD067299	db/dataset/NO47_PXD067299_counts.txt	db/dataset/metadata/NO47_PXD067299_metadata.xlsx[NOT READY]	TMT	True	proteomics_tmt	linear	reference_channel	none	none	log2	NA	False	group_valid	0.5	3	1	none	row_median	symbol	symbol	Homo sapiens	9606	metadata	Sample ID	Group	Cancer	Control	^C	^N	False	NA (unset)	NA (unset)	NA (unset)	NA (unset)	NA (unset)	3	3	6	209	NA (continuous profile)	True	0.5	2	limma_filtered	~group	Cancer_minus_Control	True	True	BH within matrix-entry modelled features	True	1	0.05	123	1daed3b3b98c71881090f9dd6dd40783e29c9bebb031fea2b801182aa218c458	not bundled; historical output ID47.rda	Parameters are server-owned. Export thresholds are adjustable and do not refit the model. upstream_normalized and count_normalization are derived audit fields, not configuration keys.	6	db/dataset/metadata/NO47_PXD067299_metadata.xlsx	row_median	TRUE (Explore default; not a differential-model parameter)	03_results/differential/ID47/all.csv
48	Ovarian Cancer	40189497	Yu Wu	22	LC–MS/MS	Microfluidic chips	10 controls and 12 patients	Proteomics	Protein	Serum	Ovary	Yes	PXD053690	db/dataset/NO48_PXD053690_counts.txt	db/dataset/metadata/NO48_PXD053690_metadata.xlsx[NOT READY]	DIA	True	proteomics_label_free	linear	vendor_DIA_normalization	none	none	log2	none	False	group_valid	0.5	3	1	none	none	symbol	symbol	Homo sapiens	9606	metadata	Sample ID	Group	Cancer	Control	^C	^N	False	NA (unset)	NA (unset)	NA (unset)	NA (unset)	NA (unset)	12	10	22	1084	NA (continuous profile)	True	0.5	2	limma_filtered	~group	Cancer_minus_Control	True	True	BH within matrix-entry modelled features	True	1	0.05	123	e3e9c62f7f27f1e531679b53482acd7560ad66d5a1e66ea738f2cc98795487cc	not bundled; historical output ID48.rda	Parameters are server-owned. Export thresholds are adjustable and do not refit the model. upstream_normalized and count_normalization are derived audit fields, not configuration keys.	22	db/dataset/metadata/NO48_PXD053690_metadata.xlsx	none	TRUE (Explore default; not a differential-model parameter)	03_results/differential/ID48/all.csv
49	Colorectal Cancer	39948151	Emmalee J Northrop-Albrecht	63	LC–MS/MS	SEC	47 controls and 16 patients	Proteomics	Protein	Stool	Colorectum	No	NO58	db/dataset/NO49_counts.txt	db/dataset/metadata/NO49_metadata.xlsx[NOT READY]	IBAQ	True	proteomics_label_free	linear	iBAQ	none	none	log2	zero	True	group_valid	0.5	3	1	none	row_median	symbol	symbol	Homo sapiens	9606	metadata	Sample ID	Group	Cancer	Control	^C	^N	False	NA (unset)	NA (unset)	NA (unset)	NA (unset)	NA (unset)	16	47	63	101	NA (continuous profile)	True	0.5	2	limma_filtered	~group	Cancer_minus_Control	True	True	BH within matrix-entry modelled features	True	1	0.05	123	b36003adc625a763cbec0a15dd392e139fd9df4c31ee71f7b619224e19774ebd	not bundled; historical output ID49.rda	Parameters are server-owned. Export thresholds are adjustable and do not refit the model. upstream_normalized and count_normalization are derived audit fields, not configuration keys.	63	db/dataset/metadata/NO49_metadata.xlsx	row_median	TRUE (Explore default; not a differential-model parameter)	03_results/differential/ID49/all.csv
50	Non-Small Cell Lung Cancer	40366616	Ye Yuan	71	LC–MS/MS	Ultracentrifugation	33 controls and 38 patients	Targeted Proteomics	Protein	Plasma	Lung	Yes	PXD054691	db/dataset/NO50_PXD054691_counts.txt	db/dataset/metadata/NO50_PXD054691_metadata.xlsx[NOT READY]	RPM	True	proteomics_label_free	linear	targeted_RPM_normalization	none	none	log2	none	False	group_valid	0.5	3	1	none	none	symbol	symbol	Homo sapiens	9606	metadata	Sample ID	Group	Cancer	Control	^C	^N	False	NA (unset)	NA (unset)	NA (unset)	NA (unset)	NA (unset)	38	33	71	49	NA (continuous profile)	True	0.5	2	limma_filtered	~group	Cancer_minus_Control	True	True	BH within matrix-entry modelled features	True	1	0.05	123	071a89df13de000b4b36540303d2e90c8236403f7f2d9be54f5bf642ce32962b	not bundled; historical output ID50.rda	Parameters are server-owned. Export thresholds are adjustable and do not refit the model. upstream_normalized and count_normalization are derived audit fields, not configuration keys.	71	db/dataset/metadata/NO50_PXD054691_metadata.xlsx	none	TRUE (Explore default; not a differential-model parameter)	03_results/differential/ID50/all.csv
51	Breast Cancer	40545963	Ju-Yong Hyon	130	LC–MS/MS	Microfluidic chip	30 controls and 100 patients	Proteomics	Protein	Plasma	Breast	Yes	PXD047470	db/dataset/NO51_PXD047470_counts.txt	db/dataset/metadata/NO51_PXD047470_metadata.xlsx	LFQ	True	proteomics_label_free	log2	MaxLFQ	none	log2	none	NA	False	group_valid	0.5	3	1	none	row_median	symbol	symbol	Homo sapiens	9606	metadata	Sample ID	Group	Cancer	Control	^C	^N	False	NA (unset)	NA (unset)	NA (unset)	NA (unset)	NA (unset)	100	30	130	2267	NA (continuous profile)	True	0.5	2	limma_filtered	~group	Cancer_minus_Control	True	True	BH within matrix-entry modelled features	True	1	0.05	123	ff81cbb6d7e875b31b379dae0f70569bef5b8d67de162f6857e054d59f0b2647	not bundled; historical output ID51.rda	Parameters are server-owned. Export thresholds are adjustable and do not refit the model. upstream_normalized and count_normalization are derived audit fields, not configuration keys.	130	db/dataset/metadata/NO51_PXD047470_metadata.xlsx	row_median	TRUE (Explore default; not a differential-model parameter)	03_results/differential/ID51/all.csv
52	Pancreatic Cancer	39693144	Bruno Bockorny	124	LC–MS/MS	EVtrap	31 controls and 93 patients	Proteomics	Protein	Plasma	Pancreas	No	NO62	db/dataset/NO52_counts.txt	db/dataset/metadata/NO52_metadata.xlsx[NOT READY]	LFQ	True	proteomics_label_free	linear	vendor_LFQ	none	none	log2	NA	False	group_valid	0.5	3	1	none	row_median	symbol	symbol	Homo sapiens	9606	metadata	Sample ID	Group	Cancer	Control	^C	^N	False	NA (unset)	NA (unset)	NA (unset)	NA (unset)	NA (unset)	93	31	124	714	NA (continuous profile)	True	0.5	2	limma_filtered	~group	Cancer_minus_Control	True	True	BH within matrix-entry modelled features	True	1	0.05	123	5acf651e9bd69f70a6a1657d5ba9bcdddd0908708fadfbb45c9fb5ded5d9e4e8	not bundled; historical output ID52.rda	Parameters are server-owned. Export thresholds are adjustable and do not refit the model. upstream_normalized and count_normalization are derived audit fields, not configuration keys.	124	db/dataset/metadata/NO52_metadata.xlsx	row_median	TRUE (Explore default; not a differential-model parameter)	03_results/differential/ID52/all.csv
53	Colorectal Cancer	39121006	Li Min	67	RNA-seq	Ultracentrifugation	36 controls and 31 patients	Transcriptomics	mRNA	Plasma	Colorectum	Yes	NO63	db/dataset/NO53_counts.txt	db/dataset/metadata/NO53_metadata.xlsx	Raw counts	True	rnaseq_fractional_counts	count	none	none	none	none	zero	False	filterByExpr	NA (not used by this profile)	NA (not used by this profile)	1	none	none	symbol	symbol	Homo sapiens	9606	prefix	NA (unset)	NA (unset)	C	N	^C	^N	False	NA (unset)	NA (unset)	NA (unset)	NA (unset)	NA (unset)	31	36	67	7893	TMM	False	0.5	2	edgeR_TMM_voom_limma	~group	C_minus_N	False	True	BH within matrix-entry modelled features	True	1	0.05	123	216bf5319cf1b891a4c0913df58fc03aa921dc67095f037f24f66870207e54c9	not bundled; historical output ID53.rda	Parameters are server-owned. Export thresholds are adjustable and do not refit the model. upstream_normalized and count_normalization are derived audit fields, not configuration keys. Registry NO63 / source files NO53 / PRJNA639943; repeated control titles do not prove independent donors.	67	NA (prefix grouping)	none	TRUE (Explore default; not a differential-model parameter)	03_results/differential/ID53/all.csv
54	Colorectal Cancer	39121006	Li Min	60	RNA-seq	Ultracentrifugation	36 controls and 31 patients	Transcriptomics	miRNA	Plasma	Colorectum	Yes	NO64	db/dataset/NO54_counts.txt	db/dataset/metadata/NO54_metadata.xlsx	Raw counts	True	rnaseq_raw_counts	count	none	none	none	none	zero	False	filterByExpr	NA (not used by this profile)	NA (not used by this profile)	1	none	none	mirbase	mirbase	Homo sapiens	9606	metadata	Sample ID	Group	Cancer	Control	^C	^N	False	NA (unset)	NA (unset)	NA (unset)	NA (unset)	NA (unset)	31	29	60	488	TMM	False	0.5	2	edgeR_TMM_voom_limma	~group	Cancer_minus_Control	False	True	BH within matrix-entry modelled features	True	1	0.05	123	4c40318933a65e8353c0908ee4cd437633d1da5b35d11913ff058900a70a0c77	not bundled; historical output ID54.rda	Parameters are server-owned. Export thresholds are adjustable and do not refit the model. upstream_normalized and count_normalization are derived audit fields, not configuration keys.	67	db/dataset/metadata/NO54_metadata.xlsx	none	TRUE (Explore default; not a differential-model parameter)	03_results/differential/ID54/all.csv
55	Colorectal Cancer	39121006	Li Min	60	RNA-seq	Ultracentrifugation	36 controls and 31 patients	Transcriptomics	lncRNA	Plasma	Colorectum	Yes	NO65	db/dataset/NO55_counts.txt	db/dataset/metadata/NO55_metadata.xlsx	Normalized continuous abundance	True	transcriptomics_normalized	linear	upstream_normalized	none	none	log2p1	zero	False	none	NA (not used by this profile)	NA (not used by this profile)	1	none	none	symbol	symbol	Homo sapiens	9606	metadata	Sample ID	Group	Cancer	Control	^C	^N	False	NA (unset)	NA (unset)	NA (unset)	NA (unset)	NA (unset)	31	29	60	277	NA (continuous profile)	True	0.5	2	limma_filtered	~group	Cancer_minus_Control	True	True	BH within matrix-entry modelled features	True	1	0.05	123	29af1f0d36a6b738c06074cd6894b43f728af2f00f65d893fda52901fffb34d9	not bundled; historical output ID55.rda	Parameters are server-owned. Export thresholds are adjustable and do not refit the model. upstream_normalized and count_normalization are derived audit fields, not configuration keys.	67	db/dataset/metadata/NO55_metadata.xlsx	none	TRUE (Explore default; not a differential-model parameter)	03_results/differential/ID55/all.csv
56	Liver Cancer	38348130	Yuqing Sun	39	RNA-seq	MOF enrichment	25 controls and 14 patients	Transcriptomics	cfrna-mRNA	Serum	Liver	Yes	GSE210775-TRANING	db/dataset/NO56_GSE210775-TRANING_counts.txt	db/dataset/metadata/NO56_GSE210775-TRANING_metadata.xlsx	Raw counts	True	rnaseq_raw_counts	count	none	none	none	none	zero	False	filterByExpr	NA (not used by this profile)	NA (not used by this profile)	1	none	none	symbol	symbol	Homo sapiens	9606	metadata	Sample ID	Group	Cancer	Control	^C	^N	False	NA (unset)	NA (unset)	NA (unset)	NA (unset)	NA (unset)	14	25	39	2953	TMM	False	0.5	2	edgeR_TMM_voom_limma	~group	Cancer_minus_Control	False	True	BH within matrix-entry modelled features	True	1	0.05	123	bfa4335d1a16c4d5fead263f166b195642ec190a8f50a7b231a172642e152b2a	not bundled; historical output ID56.rda	Parameters are server-owned. Export thresholds are adjustable and do not refit the model. upstream_normalized and count_normalization are derived audit fields, not configuration keys.	19	db/dataset/metadata/NO56_GSE210775-TRANING_metadata.xlsx	none	TRUE (Explore default; not a differential-model parameter)	03_results/differential/ID56/all.csv
57	Liver Cancer	38348130	Yuqing Sun	19	RNA-seq	MOF enrichment	12 controls and 7 patients	Transcriptomics	cfrna-mRNA	Serum	Liver	Yes	GSE210775-VALIDATION	db/dataset/NO57_GSE210775-VALIDATION_counts.txt	db/dataset/metadata/NO57_GSE210775-VALIDATION_metadata.xlsx	Raw counts	True	rnaseq_raw_counts	count	none	none	none	none	zero	False	filterByExpr	NA (not used by this profile)	NA (not used by this profile)	1	none	none	symbol	symbol	Homo sapiens	9606	metadata	Sample ID	Group	Cancer	Control	^C	^N	False	NA (unset)	NA (unset)	NA (unset)	NA (unset)	NA (unset)	7	12	19	4173	TMM	False	0.5	2	edgeR_TMM_voom_limma	~group	Cancer_minus_Control	False	True	BH within matrix-entry modelled features	True	1	0.05	123	35e11fbffd9e33ac2072cd9f17e2daa93113c16566f59cdde2df97408bce90cf	not bundled; historical output ID57.rda	Parameters are server-owned. Export thresholds are adjustable and do not refit the model. upstream_normalized and count_normalization are derived audit fields, not configuration keys.	39	db/dataset/metadata/NO57_GSE210775-VALIDATION_metadata.xlsx	none	TRUE (Explore default; not a differential-model parameter)	03_results/differential/ID57/all.csv
58	Liver Cancer	33391469	Yumin Zhu	65	RNA-seq	Plasma/Serum Circulating RNA and Exosomal Purification kit	30 controls and 35 patients	Transcriptomics	cfrna-mRNA	Plasma	Liver	Yes	GSE142987	db/dataset/NO58_GSE142987_counts.txt	db/dataset/metadata/NO58_GSE142987_metadata.xlsx	Raw counts	True	rnaseq_raw_counts	count	none	none	none	none	zero	False	filterByExpr	NA (not used by this profile)	NA (not used by this profile)	1	none	none	symbol	symbol	Homo sapiens	9606	metadata	Sample	Group	Cancer	Control	^C	^N	False	NA (unset)	NA (unset)	NA (unset)	NA (unset)	NA (unset)	35	30	65	11892	TMM	False	0.5	2	edgeR_TMM_voom_limma	~group	Cancer_minus_Control	False	True	BH within matrix-entry modelled features	True	1	0.05	123	e3dae060868ad63fd24c7dac2f8586cfc1d67765b57b49d259193f6bfeb73a66	not bundled; historical output ID58.rda	Parameters are server-owned. Export thresholds are adjustable and do not refit the model. upstream_normalized and count_normalization are derived audit fields, not configuration keys.	65	db/dataset/metadata/NO58_GSE142987_metadata.xlsx	none	TRUE (Explore default; not a differential-model parameter)	03_results/differential/ID58/all.csv
59	Colorectal Cancer	35816095	Shanwen Chen	100	RNA-seq	Plasma/Serum Circulating RNA and Exosomal Purification kit	46 controls and 54 patients	Transcriptomics	cfrna-mRNA	Plasma	Colorectum	Yes	GSE174302	db/dataset/NO59_GSE174302_counts.txt	db/dataset/metadata/NO59_GSE174302_metadata.xlsx	Raw counts	True	rnaseq_raw_counts	count	none	none	none	none	zero	False	filterByExpr	NA (not used by this profile)	NA (not used by this profile)	1	none	none	symbol	symbol	Homo sapiens	9606	metadata	Sample ID	Group	Cancer	Control	^C	^N	False	NA (unset)	NA (unset)	NA (unset)	NA (unset)	NA (unset)	54	46	100	9333	TMM	False	0.5	2	edgeR_TMM_voom_limma	~group	Cancer_minus_Control	False	True	BH within matrix-entry modelled features	True	1	0.05	123	89bcf70f181605038a294142526f182acb964cd9bfb69876723e6ddadeb5921e	not bundled; historical output ID59.rda	Parameters are server-owned. Export thresholds are adjustable and do not refit the model. upstream_normalized and count_normalization are derived audit fields, not configuration keys. cfRNA label retained; purified EV origin is not established by the matrix.	100	db/dataset/metadata/NO59_GSE174302_metadata.xlsx	none	TRUE (Explore default; not a differential-model parameter)	03_results/differential/ID59/all.csv
60	Colorectal Cancer	35816095	Shanwen Chen	100	RNA-seq	Plasma/Serum Circulating RNA and Exosomal Purification kit	46 controls and 54 patients	Transcriptomics	cfrna-lncRNA	Plasma	Colorectum	Yes	GSE174302	db/dataset/NO60_GSE174302_counts.txt	db/dataset/metadata/NO60_GSE174302_metadata.xlsx	Raw counts	True	rnaseq_raw_counts	count	none	none	none	none	zero	False	filterByExpr	NA (not used by this profile)	NA (not used by this profile)	1	none	none	symbol	symbol	Homo sapiens	9606	metadata	Sample ID	Group	Cancer	Control	^C	^N	False	NA (unset)	NA (unset)	NA (unset)	NA (unset)	NA (unset)	54	46	100	288	TMM	False	0.5	2	edgeR_TMM_voom_limma	~group	Cancer_minus_Control	False	True	BH within matrix-entry modelled features	True	1	0.05	123	a2edb231b2ba2d5fb40b911abb27573973a71a285c4f3abdbb55e8f263eca32f	not bundled; historical output ID60.rda	Parameters are server-owned. Export thresholds are adjustable and do not refit the model. upstream_normalized and count_normalization are derived audit fields, not configuration keys.	100	db/dataset/metadata/NO60_GSE174302_metadata.xlsx	none	TRUE (Explore default; not a differential-model parameter)	03_results/differential/ID60/all.csv
61	Colorectal Cancer	35816095	Shanwen Chen	100	RNA-seq	Plasma/Serum Circulating RNA and Exosomal Purification kit	46 controls and 54 patients	Transcriptomics	cfrna-circRNA	Plasma	Colorectum	Yes	GSE174302	db/dataset/NO61_GSE174302_counts.txt	db/dataset/metadata/NO61_GSE174302_metadata.xlsx	Raw counts	True	rnaseq_raw_counts	count	none	none	none	none	zero	False	filterByExpr	NA (not used by this profile)	NA (not used by this profile)	1	none	none	circrna	circrna	Homo sapiens	9606	metadata	Sample ID	Group	Cancer	Control	^C	^N	False	NA (unset)	NA (unset)	NA (unset)	NA (unset)	NA (unset)	54	46	100	357	TMM	False	0.5	2	edgeR_TMM_voom_limma	~group	Cancer_minus_Control	False	True	BH within matrix-entry modelled features	True	1	0.05	123	c9fe1704717704cf4b4026aafb8c32dae7c37a4a4c3514d26cf3eff1204ffb99	not bundled; historical output ID61.rda	Parameters are server-owned. Export thresholds are adjustable and do not refit the model. upstream_normalized and count_normalization are derived audit fields, not configuration keys.	100	db/dataset/metadata/NO61_GSE174302_metadata.xlsx	none	TRUE (Explore default; not a differential-model parameter)	03_results/differential/ID61/all.csv
62	Stomach Cancer	35816095	Shanwen Chen	83	RNA-seq	Plasma/Serum Circulating RNA and Exosomal Purification kit	46 controls and 37 patients	Transcriptomics	cfrna-mRNA	Plasma	Stomach	Yes	GSE174302	db/dataset/NO62_GSE174302_counts.txt	db/dataset/metadata/NO62_GSE174302_metadata.xlsx	Raw counts	True	rnaseq_raw_counts	count	none	none	none	none	zero	False	filterByExpr	NA (not used by this profile)	NA (not used by this profile)	1	none	none	symbol	symbol	Homo sapiens	9606	metadata	Sample ID	Group	Cancer	Control	^C	^N	False	NA (unset)	NA (unset)	NA (unset)	NA (unset)	NA (unset)	37	46	83	10103	TMM	False	0.5	2	edgeR_TMM_voom_limma	~group	Cancer_minus_Control	False	True	BH within matrix-entry modelled features	True	1	0.05	123	291cfc7e9dc175ddb5816ae7c59ec213cca10a1625a8695557edd5e3b4dcf8c2	not bundled; historical output ID62.rda	Parameters are server-owned. Export thresholds are adjustable and do not refit the model. upstream_normalized and count_normalization are derived audit fields, not configuration keys. cfRNA label retained; purified EV origin is not established by the matrix.	83	db/dataset/metadata/NO62_GSE174302_metadata.xlsx	none	TRUE (Explore default; not a differential-model parameter)	03_results/differential/ID62/all.csv
63	Stomach Cancer	35816095	Shanwen Chen	83	RNA-seq	Plasma/Serum Circulating RNA and Exosomal Purification kit	46 controls and 37 patients	Transcriptomics	cfrna-lncRNA	Plasma	Stomach	Yes	GSE174302	db/dataset/NO63_GSE174302_counts.txt	db/dataset/metadata/NO63_GSE174302_metadata.xlsx	Raw counts	True	rnaseq_raw_counts	count	none	none	none	none	zero	False	filterByExpr	NA (not used by this profile)	NA (not used by this profile)	1	none	none	symbol	symbol	Homo sapiens	9606	metadata	Sample ID	Group	Cancer	Control	^C	^N	False	NA (unset)	NA (unset)	NA (unset)	NA (unset)	NA (unset)	37	46	83	331	TMM	False	0.5	2	edgeR_TMM_voom_limma	~group	Cancer_minus_Control	False	True	BH within matrix-entry modelled features	True	1	0.05	123	f5408706f16400736a82d623c7354f8446c26cb11ed80be28ac58b846d5f6caa	not bundled; historical output ID63.rda	Parameters are server-owned. Export thresholds are adjustable and do not refit the model. upstream_normalized and count_normalization are derived audit fields, not configuration keys.	83	db/dataset/metadata/NO63_GSE174302_metadata.xlsx	none	TRUE (Explore default; not a differential-model parameter)	03_results/differential/ID63/all.csv
64	Stomach Cancer	35816095	Shanwen Chen	83	RNA-seq	Plasma/Serum Circulating RNA and Exosomal Purification kit	46 controls and 37 patients	Transcriptomics	cfrna-circRNA	Plasma	Stomach	Yes	GSE174302	db/dataset/NO64_GSE174302_counts.txt	db/dataset/metadata/NO64_GSE174302_metadata.xlsx	Raw counts	True	rnaseq_raw_counts	count	none	none	none	none	zero	False	filterByExpr	NA (not used by this profile)	NA (not used by this profile)	1	none	none	circrna	circrna	Homo sapiens	9606	metadata	Sample ID	Group	Cancer	Control	^C	^N	False	NA (unset)	NA (unset)	NA (unset)	NA (unset)	NA (unset)	37	46	83	554	TMM	False	0.5	2	edgeR_TMM_voom_limma	~group	Cancer_minus_Control	False	True	BH within matrix-entry modelled features	True	1	0.05	123	838edb1d2fb2ee03cefd0409e11b51c82ba65e62c70754ced0520ff8817e039b	not bundled; historical output ID64.rda	Parameters are server-owned. Export thresholds are adjustable and do not refit the model. upstream_normalized and count_normalization are derived audit fields, not configuration keys.	83	db/dataset/metadata/NO64_GSE174302_metadata.xlsx	none	TRUE (Explore default; not a differential-model parameter)	03_results/differential/ID64/all.csv
65	Liver Cancer	35816095	Shanwen Chen	73	RNA-seq	Plasma/Serum Circulating RNA and Exosomal Purification kit	46 controls and 27 patients	Transcriptomics	cfrna-mRNA	Plasma	Liver	Yes	GSE174302	db/dataset/NO65_GSE174302_counts.txt	db/dataset/metadata/NO65_GSE174302_metadata.xlsx	Raw counts	True	rnaseq_raw_counts	count	none	none	none	none	zero	False	filterByExpr	NA (not used by this profile)	NA (not used by this profile)	1	none	none	symbol	symbol	Homo sapiens	9606	metadata	Sample ID	Group	Cancer	Control	^C	^N	False	NA (unset)	NA (unset)	NA (unset)	NA (unset)	NA (unset)	27	46	73	10496	TMM	False	0.5	2	edgeR_TMM_voom_limma	~group	Cancer_minus_Control	False	True	BH within matrix-entry modelled features	True	1	0.05	123	3e3df3718af64d89e12bb630321caee215b01f6bb7fdc2af54bbb9eba96edede	not bundled; historical output ID65.rda	Parameters are server-owned. Export thresholds are adjustable and do not refit the model. upstream_normalized and count_normalization are derived audit fields, not configuration keys. cfRNA label retained; purified EV origin is not established by the matrix.	73	db/dataset/metadata/NO65_GSE174302_metadata.xlsx	none	TRUE (Explore default; not a differential-model parameter)	03_results/differential/ID65/all.csv
66	Liver Cancer	35816095	Shanwen Chen	73	RNA-seq	Plasma/Serum Circulating RNA and Exosomal Purification kit	46 controls and 27 patients	Transcriptomics	cfrna-lncRNA	Plasma	Liver	Yes	GSE174302	db/dataset/NO66_GSE174302_counts.txt	db/dataset/metadata/NO66_GSE174302_metadata.xlsx	Raw counts	True	rnaseq_raw_counts	count	none	none	none	none	zero	False	filterByExpr	NA (not used by this profile)	NA (not used by this profile)	1	none	none	symbol	symbol	Homo sapiens	9606	metadata	Sample ID	Group	Cancer	Control	^C	^N	False	NA (unset)	NA (unset)	NA (unset)	NA (unset)	NA (unset)	27	46	73	204	TMM	False	0.5	2	edgeR_TMM_voom_limma	~group	Cancer_minus_Control	False	True	BH within matrix-entry modelled features	True	1	0.05	123	2486d3fd2f2bdebcb6c5d31ce867928d725fa07c0a258aaf13729c1bce33d864	not bundled; historical output ID66.rda	Parameters are server-owned. Export thresholds are adjustable and do not refit the model. upstream_normalized and count_normalization are derived audit fields, not configuration keys.	73	db/dataset/metadata/NO66_GSE174302_metadata.xlsx	none	TRUE (Explore default; not a differential-model parameter)	03_results/differential/ID66/all.csv
67	Liver Cancer	35816095	Shanwen Chen	73	RNA-seq	Plasma/Serum Circulating RNA and Exosomal Purification kit	46 controls and 27 patients	Transcriptomics	cfrna-circRNA	Plasma	Liver	Yes	GSE174302	db/dataset/NO67_GSE174302_counts.txt	db/dataset/metadata/NO67_GSE174302_metadata.xlsx	Raw counts	True	rnaseq_raw_counts	count	none	none	none	none	zero	False	filterByExpr	NA (not used by this profile)	NA (not used by this profile)	1	none	none	circrna	circrna	Homo sapiens	9606	metadata	Sample ID	Group	Cancer	Control	^C	^N	False	NA (unset)	NA (unset)	NA (unset)	NA (unset)	NA (unset)	27	46	73	63	TMM	False	0.5	2	edgeR_TMM_voom_limma	~group	Cancer_minus_Control	False	True	BH within matrix-entry modelled features	True	1	0.05	123	e7e244171612d7885b534132fcfb4f31f64bb205f85047ffd6dc8010b9f618e2	not bundled; historical output ID67.rda	Parameters are server-owned. Export thresholds are adjustable and do not refit the model. upstream_normalized and count_normalization are derived audit fields, not configuration keys.	73	db/dataset/metadata/NO67_GSE174302_metadata.xlsx	none	TRUE (Explore default; not a differential-model parameter)	03_results/differential/ID67/all.csv
68	Lung Cancer	35816095	Shanwen Chen	81	RNA-seq	Plasma/Serum Circulating RNA and Exosomal Purification kit	46 controls and 35 patients	Transcriptomics	cfrna-mRNA	Plasma	Lung	Yes	GSE174302	db/dataset/NO68_GSE174302_counts.txt	db/dataset/metadata/NO68_GSE174302_metadata.xlsx	Raw counts	True	rnaseq_raw_counts	count	none	none	none	none	zero	False	filterByExpr	NA (not used by this profile)	NA (not used by this profile)	1	none	none	symbol	symbol	Homo sapiens	9606	prefix	NA (unset)	NA (unset)	C	N	^C	^N	False	NA (unset)	NA (unset)	NA (unset)	NA (unset)	NA (unset)	35	46	81	9876	TMM	False	0.5	2	edgeR_TMM_voom_limma	~group	C_minus_N	False	True	BH within matrix-entry modelled features	True	1	0.05	123	aa13bef8e79bbddcfa3567ab0db92cab489c99ee740907e16e1b8b4f2dbea4a5	not bundled; historical output ID68.rda	Parameters are server-owned. Export thresholds are adjustable and do not refit the model. upstream_normalized and count_normalization are derived audit fields, not configuration keys. cfRNA label retained; purified EV origin is not established by the matrix.	81	NA (prefix grouping)	none	TRUE (Explore default; not a differential-model parameter)	03_results/differential/ID68/all.csv
69	Lung Cancer	35816095	Shanwen Chen	81	RNA-seq	Plasma/Serum Circulating RNA and Exosomal Purification kit	46 controls and 35 patients	Transcriptomics	cfrna-lncRNA	Plasma	Lung	Yes	GSE174302	db/dataset/NO69_GSE174302_counts.txt	db/dataset/metadata/NO69_GSE174302_metadata.xlsx	Raw counts	True	rnaseq_raw_counts	count	none	none	none	none	zero	False	filterByExpr	NA (not used by this profile)	NA (not used by this profile)	1	none	none	symbol	symbol	Homo sapiens	9606	prefix	NA (unset)	NA (unset)	C	N	^C	^N	False	NA (unset)	NA (unset)	NA (unset)	NA (unset)	NA (unset)	35	46	81	309	TMM	False	0.5	2	edgeR_TMM_voom_limma	~group	C_minus_N	False	True	BH within matrix-entry modelled features	True	1	0.05	123	cc44d49c102038e4a5fb77d25af7db288ddcfb862868403c6bcf285cc0fd45bb	not bundled; historical output ID69.rda	Parameters are server-owned. Export thresholds are adjustable and do not refit the model. upstream_normalized and count_normalization are derived audit fields, not configuration keys.	81	NA (prefix grouping)	none	TRUE (Explore default; not a differential-model parameter)	03_results/differential/ID69/all.csv
70	Lung Cancer	35816095	Shanwen Chen	81	RNA-seq	Plasma/Serum Circulating RNA and Exosomal Purification kit	46 controls and 35 patients	Transcriptomics	cfrna-circRNA	Plasma	Lung	Yes	GSE174302	db/dataset/NO70_GSE174302_counts.txt	db/dataset/metadata/NO70_GSE174302_metadata.xlsx	Raw counts	True	rnaseq_raw_counts	count	none	none	none	none	zero	False	filterByExpr	NA (not used by this profile)	NA (not used by this profile)	1	none	none	circrna	circrna	Homo sapiens	9606	metadata	Sample ID	Group	Cancer	Control	^L	^N	False	NA (unset)	NA (unset)	NA (unset)	NA (unset)	NA (unset)	35	46	81	351	TMM	False	0.5	2	edgeR_TMM_voom_limma	~group	Cancer_minus_Control	False	True	BH within matrix-entry modelled features	True	1	0.05	123	9c7740416e806e82cc22ff1a6f4b882ff33f97f9f7e6a1e15f0f45a4eb2f654d	not bundled; historical output ID70.rda	Parameters are server-owned. Export thresholds are adjustable and do not refit the model. upstream_normalized and count_normalization are derived audit fields, not configuration keys.	81	db/dataset/metadata/NO70_GSE174302_metadata.xlsx	none	TRUE (Explore default; not a differential-model parameter)	03_results/differential/ID70/all.csv
71	Esophageal Cancer	35816095	Shanwen Chen	77	RNA-seq	Plasma/Serum Circulating RNA and Exosomal Purification kit	46 controls and 31 patients	Transcriptomics	cfrna-mRNA	Plasma	Esophagus	Yes	GSE174302	db/dataset/NO71_GSE174302_counts.txt	db/dataset/metadata/NO71_GSE174302_metadata.xlsx	Raw counts	True	rnaseq_raw_counts	count	none	none	none	none	zero	False	filterByExpr	NA (not used by this profile)	NA (not used by this profile)	1	none	none	symbol	symbol	Homo sapiens	9606	metadata	Sample ID	Group	Cancer	Control	^C	^N	False	NA (unset)	NA (unset)	NA (unset)	NA (unset)	NA (unset)	31	46	77	9946	TMM	False	0.5	2	edgeR_TMM_voom_limma	~group	Cancer_minus_Control	False	True	BH within matrix-entry modelled features	True	1	0.05	123	f307a09f4592cc63875a8c7a0fddee676a7d177289dc1504c8a7cbbdc0b14a53	not bundled; historical output ID71.rda	Parameters are server-owned. Export thresholds are adjustable and do not refit the model. upstream_normalized and count_normalization are derived audit fields, not configuration keys. cfRNA label retained; purified EV origin is not established by the matrix.	77	db/dataset/metadata/NO71_GSE174302_metadata.xlsx	none	TRUE (Explore default; not a differential-model parameter)	03_results/differential/ID71/all.csv
72	Esophageal Cancer	35816095	Shanwen Chen	77	RNA-seq	Plasma/Serum Circulating RNA and Exosomal Purification kit	46 controls and 31 patients	Transcriptomics	cfrna-lncRNA	Plasma	Esophagus	Yes	GSE174302	db/dataset/NO72_GSE174302_counts.txt	db/dataset/metadata/NO72_GSE174302_metadata.xlsx	Raw counts	True	rnaseq_raw_counts	count	none	none	none	none	zero	False	filterByExpr	NA (not used by this profile)	NA (not used by this profile)	1	none	none	symbol	symbol	Homo sapiens	9606	metadata	Sample ID	Group	Cancer	Control	^C	^N	False	NA (unset)	NA (unset)	NA (unset)	NA (unset)	NA (unset)	31	46	77	261	TMM	False	0.5	2	edgeR_TMM_voom_limma	~group	Cancer_minus_Control	False	True	BH within matrix-entry modelled features	True	1	0.05	123	2423c65ad9399c8e70e23a791126a7d15147a5d6da05f03228cd832375313200	not bundled; historical output ID72.rda	Parameters are server-owned. Export thresholds are adjustable and do not refit the model. upstream_normalized and count_normalization are derived audit fields, not configuration keys.	77	db/dataset/metadata/NO72_GSE174302_metadata.xlsx	none	TRUE (Explore default; not a differential-model parameter)	03_results/differential/ID72/all.csv
73	Esophageal Cancer	35816095	Shanwen Chen	77	RNA-seq	Plasma/Serum Circulating RNA and Exosomal Purification kit	46 controls and 31 patients	Transcriptomics	cfrna-circRNA	Plasma	Esophagus	Yes	GSE174302	db/dataset/NO73_GSE174302_counts.txt	db/dataset/metadata/NO73_GSE174302_metadata.xlsx	Raw counts	True	rnaseq_raw_counts	count	none	none	none	none	zero	False	filterByExpr	NA (not used by this profile)	NA (not used by this profile)	1	none	none	circrna	circrna	Homo sapiens	9606	metadata	Sample ID	Group	Cancer	Control	^C	^N	False	NA (unset)	NA (unset)	NA (unset)	NA (unset)	NA (unset)	31	46	77	191	TMM	False	0.5	2	edgeR_TMM_voom_limma	~group	Cancer_minus_Control	False	True	BH within matrix-entry modelled features	True	1	0.05	123	5b8c81da3aa145235d151822151b96c3017d5ec77c8ed00d3ebe67d29a6ca095	not bundled; historical output ID73.rda	Parameters are server-owned. Export thresholds are adjustable and do not refit the model. upstream_normalized and count_normalization are derived audit fields, not configuration keys.	77	db/dataset/metadata/NO73_GSE174302_metadata.xlsx	none	TRUE (Explore default; not a differential-model parameter)	03_results/differential/ID73/all.csv
74	Colorectal Cancer	37992683	Yuhuan Tao	91	RNA-seq	Plasma/Serum Circulating RNA and Exosomal Purification kit	50 controls and 41 patients	Transcriptomics	cfrna-mRNA	Plasma	Colorectum	Yes	GSE186587	db/dataset/NO74_GSE186587_counts.txt	db/dataset/metadata/NO74_GSE186587_metadata.xlsx	Raw counts	True	rnaseq_raw_counts	count	none	none	none	none	zero	False	filterByExpr	NA (not used by this profile)	NA (not used by this profile)	1	none	none	symbol	symbol	Homo sapiens	9606	prefix	NA (unset)	NA (unset)	C	N	^C	^N	False	NA (unset)	NA (unset)	NA (unset)	NA (unset)	NA (unset)	41	50	91	8460	TMM	False	0.5	2	edgeR_TMM_voom_limma	~group	C_minus_N	False	True	BH within matrix-entry modelled features	True	1	0.05	123	ac0b1b790c7ed1e48675caf434e896a5ce0b7aa8fa1efd80e013cb1b49db4a04	not bundled; historical output ID74.rda	Parameters are server-owned. Export thresholds are adjustable and do not refit the model. upstream_normalized and count_normalization are derived audit fields, not configuration keys. cfRNA label retained; purified EV origin is not established by the matrix.	91	NA (prefix grouping)	none	TRUE (Explore default; not a differential-model parameter)	03_results/differential/ID74/all.csv
75	Gastric Cancer	37992683	Yuhuan Tao	86	RNA-seq	Plasma/Serum Circulating RNA and Exosomal Purification kit	50 controls and 36 patients	Transcriptomics	cfrna-mRNA	Plasma	Stomach	Yes	GSE186587	db/dataset/NO75_GSE186587_counts.txt	db/dataset/metadata/NO75_GSE186587_metadata.xlsx	Raw counts	True	rnaseq_raw_counts	count	none	none	none	none	zero	False	filterByExpr	NA (not used by this profile)	NA (not used by this profile)	1	none	none	symbol	symbol	Homo sapiens	9606	metadata	Sample ID	Group	Cancer	Control	^C	^N	False	NA (unset)	NA (unset)	NA (unset)	NA (unset)	NA (unset)	36	50	86	8529	TMM	False	0.5	2	edgeR_TMM_voom_limma	~group	Cancer_minus_Control	False	True	BH within matrix-entry modelled features	True	1	0.05	123	5af4539894c0df3ff31c7a1f6a73cf460579e3d50079fdb99ad90500fb2aa8d6	not bundled; historical output ID75.rda	Parameters are server-owned. Export thresholds are adjustable and do not refit the model. upstream_normalized and count_normalization are derived audit fields, not configuration keys.	86	db/dataset/metadata/NO75_GSE186587_metadata.xlsx	none	TRUE (Explore default; not a differential-model parameter)	03_results/differential/ID75/all.csv
76	Hepatocellular carcinoma	30914410	Yuchen Li	53	RNA-seq	exoRNeasy Serum/Plasma Maxi kit	32 controls and 21 patients	Transcriptomics	mRNA	Plasma	Liver	Yes	GSE100207	db/dataset/NO76_GSE100207_counts.txt	db/dataset/metadata/NO76_GSE100207_metadata.xlsx	Raw counts	True	rnaseq_raw_counts	count	none	none	none	none	zero	False	filterByExpr	NA (not used by this profile)	NA (not used by this profile)	1	none	none	symbol	symbol	Homo sapiens	9606	metadata	Sample ID	Group	Cancer	Control	^C	^N	False	NA (unset)	NA (unset)	NA (unset)	NA (unset)	NA (unset)	21	32	53	12921	TMM	False	0.5	2	edgeR_TMM_voom_limma	~group	Cancer_minus_Control	False	True	BH within matrix-entry modelled features	True	1	0.05	123	a560f4975212f4974bb005c7671bda8e6a2db9d1eb5b0bbc4c07a6d3193d3bed	not bundled; historical output ID76.rda	Parameters are server-owned. Export thresholds are adjustable and do not refit the model. upstream_normalized and count_normalization are derived audit fields, not configuration keys. cfRNA label retained; purified EV origin is not established by the matrix.	53	db/dataset/metadata/NO76_GSE100207_metadata.xlsx	none	TRUE (Explore default; not a differential-model parameter)	03_results/differential/ID76/all.csv
77	pancreatic carcinoma	30914410	Yuchen Li	46	RNA-seq	exoRNeasy Serum/Plasma Maxi kit	32 controls and 14 patients	Transcriptomics	mRNA	Plasma	Pancreas	No	GSE100232	db/dataset/NO77_GSE100232_counts.txt	db/dataset/metadata/NO77_GSE100232_metadata.xlsx	FPKM	True	transcriptomics_normalized	linear	FPKM	none	none	log2p1	zero	False	none	NA (not used by this profile)	NA (not used by this profile)	1	none	none	symbol	symbol	Homo sapiens	9606	metadata	Sample ID	Group	Cancer	Control	^C	^N	False	NA (unset)	NA (unset)	NA (unset)	NA (unset)	NA (unset)	14	32	46	19102	NA (continuous profile)	True	0.5	2	limma_filtered	~group	Cancer_minus_Control	True	True	BH within matrix-entry modelled features	True	1	0.05	123	3c6cff12cb35f3ba76c34679661cc1b12a95e10e7b5e68818437108dfa055a5c	not bundled; historical output ID77.rda	Parameters are server-owned. Export thresholds are adjustable and do not refit the model. upstream_normalized and count_normalization are derived audit fields, not configuration keys.	46	db/dataset/metadata/NO77_GSE100232_metadata.xlsx	none	TRUE (Explore default; not a differential-model parameter)	03_results/differential/ID77/all.csv
78	colorectal cancer	30914410	Yuchen Li	44	RNA-seq	exoRNeasy Serum/Plasma Maxi kit	32 controls and 12 patients	Transcriptomics	mRNA	Plasma	Colorectum	Yes	GSE100063	db/dataset/NO78_GSE100063_counts.txt	db/dataset/metadata/NO78_GSE100063_metadata.xlsx	Raw counts	True	rnaseq_raw_counts	count	none	tmmwsp	none	none	zero	False	filterByExpr	NA (not used by this profile)	NA (not used by this profile)	1	none	none	symbol	symbol	Homo sapiens	9606	metadata	Sample ID	Group	Cancer	Control	^C	^N	False	NA (unset)	NA (unset)	NA (unset)	NA (unset)	NA (unset)	12	32	44	13280	TMMwsp	False	0.5	2	edgeR_TMMwsp_voomWithQualityWeights_limma	~group	Cancer_minus_Control	False	True	BH within matrix-entry modelled features	True	1	0.05	123	aef4430743657740b4f6d626458cfbf0abcff27fbe5ac5b21159bbaa907487dd	not bundled; historical output ID78.rda	Parameters are server-owned. Export thresholds are adjustable and do not refit the model. upstream_normalized and count_normalization are derived audit fields, not configuration keys.	44	db/dataset/metadata/NO78_GSE100063_metadata.xlsx	none	TRUE (Explore default; not a differential-model parameter)	03_results/differential/ID78/all.csv
79	Hepatocellular carcinoma	30914410	Yuchen Li	53	RNA-seq	exoRNeasy Serum/Plasma Maxi kit	32 controls and 21 patients	Transcriptomics	circRNA	Plasma	Liver	No	GSE100207	db/dataset/NO79_GSE100207_counts.txt	db/dataset/metadata/NO79_GSE100207_metadata.xlsx	FPKM	True	transcriptomics_normalized	linear	FPKM	none	none	log2p1	zero	False	none	NA (not used by this profile)	NA (not used by this profile)	1	none	none	circrna	circrna	Homo sapiens	9606	metadata	Sample ID	Group	Cancer	Control	^C	^N	False	NA (unset)	NA (unset)	NA (unset)	NA (unset)	NA (unset)	21	32	53	8109	NA (continuous profile)	True	0.5	2	limma_filtered	~group	Cancer_minus_Control	True	True	BH within matrix-entry modelled features	True	1	0.05	123	0b00de0bb93858fb6ce3d15347c41c084dc72aa47704f1f5e01377181193c6b9	not bundled; historical output ID79.rda	Parameters are server-owned. Export thresholds are adjustable and do not refit the model. upstream_normalized and count_normalization are derived audit fields, not configuration keys.	53	db/dataset/metadata/NO79_GSE100207_metadata.xlsx	none	TRUE (Explore default; not a differential-model parameter)	03_results/differential/ID79/all.csv
80	pancreatic carcinoma	30914410	Yuchen Li	46	RNA-seq	exoRNeasy Serum/Plasma Maxi kit	32 controls and 14 patients	Transcriptomics	circRNA	Plasma	Pancreas	No	GSE100232	db/dataset/NO80_GSE100232_counts.txt	db/dataset/metadata/NO80_GSE100232_metadata.xlsx	FPKM	True	transcriptomics_normalized	linear	FPKM	none	none	log2p1	zero	False	none	NA (not used by this profile)	NA (not used by this profile)	1	none	none	circrna	circrna	Homo sapiens	9606	metadata	Sample ID	Group	Cancer	Control	^C	^N	False	NA (unset)	NA (unset)	NA (unset)	NA (unset)	NA (unset)	14	32	46	7655	NA (continuous profile)	True	0.5	2	limma_filtered	~group	Cancer_minus_Control	True	True	BH within matrix-entry modelled features	True	1	0.05	123	0d1207cc127b97953a8c46a80a5edd689f3bf16f6099b3b2c9afc65247429a6d	not bundled; historical output ID80.rda	Parameters are server-owned. Export thresholds are adjustable and do not refit the model. upstream_normalized and count_normalization are derived audit fields, not configuration keys.	46	db/dataset/metadata/NO80_GSE100232_metadata.xlsx	none	TRUE (Explore default; not a differential-model parameter)	03_results/differential/ID80/all.csv
81	colorectal cancer	30914410	Yuchen Li	44	RNA-seq	exoRNeasy Serum/Plasma Maxi kit	32 controls and 12 patients	Transcriptomics	circRNA	Plasma	Colorectum	No	GSE100063	db/dataset/NO81_GSE100063_counts.txt	db/dataset/metadata/NO81_GSE100063_metadata.xlsx	FPKM	True	transcriptomics_normalized	linear	FPKM	none	none	log2p1	zero	False	none	NA (not used by this profile)	NA (not used by this profile)	1	none	none	circrna	circrna	Homo sapiens	9606	metadata	Sample ID	Group	Cancer	Control	^C	^N	False	NA (unset)	NA (unset)	NA (unset)	NA (unset)	NA (unset)	12	32	44	7565	NA (continuous profile)	True	0.5	2	limma_filtered	~group	Cancer_minus_Control	True	True	BH within matrix-entry modelled features	True	1	0.05	123	a1f46895798934426f0dbefb2d0bb4826fbaad8a901926b694c51c4244fa8848	not bundled; historical output ID81.rda	Parameters are server-owned. Export thresholds are adjustable and do not refit the model. upstream_normalized and count_normalization are derived audit fields, not configuration keys.	44	db/dataset/metadata/NO81_GSE100063_metadata.xlsx	none	TRUE (Explore default; not a differential-model parameter)	03_results/differential/ID81/all.csv
82	Hepatocellular carcinoma	30914410	Yuchen Li	53	RNA-seq	exoRNeasy Serum/Plasma Maxi kit	32 controls and 21 patients	Transcriptomics	lncRNA	Plasma	Liver	Yes	GSE100207	db/dataset/NO82_GSE100207_counts.txt	db/dataset/metadata/NO82_GSE100207_metadata.xlsx	Raw counts	True	rnaseq_raw_counts	count	none	none	none	none	zero	False	filterByExpr	NA (not used by this profile)	NA (not used by this profile)	1	none	none	symbol	symbol	Homo sapiens	9606	metadata	Sample ID	Group	Cancer	Control	^C	^N	False	NA (unset)	NA (unset)	NA (unset)	NA (unset)	NA (unset)	21	32	53	699	TMM	False	0.5	2	edgeR_TMM_voom_limma	~group	Cancer_minus_Control	False	True	BH within matrix-entry modelled features	True	1	0.05	123	d348dc9953885b8f7ffd384116494d991a6c69f12b985b021394535236532633	not bundled; historical output ID82.rda	Parameters are server-owned. Export thresholds are adjustable and do not refit the model. upstream_normalized and count_normalization are derived audit fields, not configuration keys.	53	db/dataset/metadata/NO82_GSE100207_metadata.xlsx	none	TRUE (Explore default; not a differential-model parameter)	03_results/differential/ID82/all.csv
83	pancreatic carcinoma	30914410	Yuchen Li	46	RNA-seq	exoRNeasy Serum/Plasma Maxi kit	32 controls and 14 patients	Transcriptomics	lncRNA	Plasma	Pancreas	No	GSE100232	db/dataset/NO83_GSE100232_counts.txt	db/dataset/metadata/NO83_GSE100232_metadata.xlsx	FPKM	True	transcriptomics_normalized	linear	FPKM	none	none	log2p1	zero	False	none	NA (not used by this profile)	NA (not used by this profile)	1	none	none	symbol	symbol	Homo sapiens	9606	metadata	Sample ID	Group	Cancer	Control	^C	^N	False	NA (unset)	NA (unset)	NA (unset)	NA (unset)	NA (unset)	14	32	46	3036	NA (continuous profile)	True	0.5	2	limma_filtered	~group	Cancer_minus_Control	True	True	BH within matrix-entry modelled features	True	1	0.05	123	9019f322ad7f551bff00c75f30b990154688973679656fd396696eb434606f8b	not bundled; historical output ID83.rda	Parameters are server-owned. Export thresholds are adjustable and do not refit the model. upstream_normalized and count_normalization are derived audit fields, not configuration keys.	46	db/dataset/metadata/NO83_GSE100232_metadata.xlsx	none	TRUE (Explore default; not a differential-model parameter)	03_results/differential/ID83/all.csv
84	colorectal cancer	30914410	Yuchen Li	44	RNA-seq	exoRNeasy Serum/Plasma Maxi kit	32 controls and 12 patients	Transcriptomics	lncRNA	Plasma	Colorectum	Yes	GSE100063	db/dataset/NO84_GSE100063_counts.txt	db/dataset/metadata/NO84_GSE100063_metadata.xlsx	Raw counts	True	rnaseq_raw_counts	count	none	none	none	none	zero	False	filterByExpr	NA (not used by this profile)	NA (not used by this profile)	1	none	none	symbol	symbol	Homo sapiens	9606	metadata	Sample ID	Group	Cancer	Control	^C	^N	False	NA (unset)	NA (unset)	NA (unset)	NA (unset)	NA (unset)	12	32	44	787	TMM	False	0.5	2	edgeR_TMM_voom_limma	~group	Cancer_minus_Control	False	True	BH within matrix-entry modelled features	True	1	0.05	123	2232a99af3a1f4bcbe2c16cf01e0e4829bb843fed71bae53755cb099ef719512	not bundled; historical output ID84.rda	Parameters are server-owned. Export thresholds are adjustable and do not refit the model. upstream_normalized and count_normalization are derived audit fields, not configuration keys.	44	db/dataset/metadata/NO84_GSE100063_metadata.xlsx	none	TRUE (Explore default; not a differential-model parameter)	03_results/differential/ID84/all.csv
85	Myeloma	41102192	Samaneh Maleknia	31	RNA-seq	exoRNeasy Serum/Plasma Maxi kit	7 controls and 24 patients	Transcriptomics	mRNA	Plasma	Bone marrow	Yes	GSE294154	db/dataset/NO85_GSE294154_counts.txt	db/dataset/metadata/NO85_GSE294154_metadata.xlsx	Official STAR transcript abundance (continuous)	True	transcriptomics_normalized	linear	none	none	none	log2p1	zero	False	none	NA (not used by this profile)	NA (not used by this profile)	1	none	none	symbol	symbol	Homo sapiens	9606	metadata	Sample ID	Group	Cancer	Control	^C	^N	False	NA (unset)	NA (unset)	NA (unset)	NA (unset)	NA (unset)	24	7	31	17266	NA (continuous profile)	False	0.5	2	limma_filtered	~group	Cancer_minus_Control	True	True	BH within matrix-entry modelled features	True	1	0.05	123	cc8e4857d4d7ebfb0e800d4b3ce1a201025d8444eb7f38948887b4a03cfd90ac	not bundled; historical output ID85.rda	Parameters are server-owned. Export thresholds are adjustable and do not refit the model. upstream_normalized and count_normalization are derived audit fields, not configuration keys.	31	db/dataset/metadata/NO85_GSE294154_metadata.xlsx	none	TRUE (Explore default; not a differential-model parameter)	03_results/differential/ID85/all.csv
86	Myeloma	41102192	Samaneh Maleknia	31	RNA-seq	exoRNeasy Serum/Plasma Maxi kit	7 controls and 24 patients	Transcriptomics	lncRNA	Plasma	Bone marrow	Yes	GSE294154	db/dataset/NO86_GSE294154_counts.txt	db/dataset/metadata/NO86_GSE294154_metadata.xlsx	Official STAR transcript abundance (continuous)	True	transcriptomics_normalized	linear	none	none	none	log2p1	zero	False	none	NA (not used by this profile)	NA (not used by this profile)	1	none	none	symbol	symbol	Homo sapiens	9606	metadata	Sample ID	Group	Cancer	Control	^C	^N	False	NA (unset)	NA (unset)	NA (unset)	NA (unset)	NA (unset)	24	7	31	3807	NA (continuous profile)	False	0.5	2	limma_filtered	~group	Cancer_minus_Control	True	True	BH within matrix-entry modelled features	True	1	0.05	123	3e0a747b2101a0dc1eadb3eb973da79fd7ec6280c03d540f17297cdb3d1e8b32	not bundled; historical output ID86.rda	Parameters are server-owned. Export thresholds are adjustable and do not refit the model. upstream_normalized and count_normalization are derived audit fields, not configuration keys.	31	db/dataset/metadata/NO86_GSE294154_metadata.xlsx	none	TRUE (Explore default; not a differential-model parameter)	03_results/differential/ID86/all.csv
87	Myeloma	41102192	Samaneh Maleknia	31	RNA-seq	exoRNeasy Serum/Plasma Maxi kit	7 controls and 24 patients	Transcriptomics	miRNA	Plasma	Bone marrow	Yes	GSE294154	db/dataset/NO87_GSE294154_counts.txt	db/dataset/metadata/NO87_GSE294154_metadata.xlsx	Raw-read-derived fractional counts (Partek E/M)	True	rnaseq_fractional_counts	count	none	none	none	none	zero	False	filterByExpr	NA (not used by this profile)	NA (not used by this profile)	1	none	none	mirbase	mirbase	Homo sapiens	9606	metadata	Sample ID	Group	Cancer	Control	^C	^N	False	NA (unset)	NA (unset)	NA (unset)	NA (unset)	NA (unset)	24	7	31	251	TMM	False	0.5	2	edgeR_TMM_voom_limma	~group	Cancer_minus_Control	False	True	BH within matrix-entry modelled features	True	1	0.05	123	4282a4b4475f54f5995371cf2b40113ea2b7edcfcf984fc30d557f90dfd28717	not bundled; historical output ID87.rda	Parameters are server-owned. Export thresholds are adjustable and do not refit the model. upstream_normalized and count_normalization are derived audit fields, not configuration keys.	31	db/dataset/metadata/NO87_GSE294154_metadata.xlsx	none	TRUE (Explore default; not a differential-model parameter)	03_results/differential/ID87/all.csv
88	Small cell lung cancer	37705067	Dong Ha Kim	10	RNA-seq	Ultracentrifugation	5 controls and 5 patients	Transcriptomics	miRNA	Serum	Lung	Yes	GSE232903	db/dataset/NO88_GSE232903_counts.txt	db/dataset/metadata/NO88_GSE232903_metadata.xlsx	Raw counts	True	rnaseq_raw_counts	count	none	none	none	none	zero	False	filterByExpr	NA (not used by this profile)	NA (not used by this profile)	1	none	none	mirbase	mirbase	Homo sapiens	9606	metadata	Sample ID	Group	Cancer	Control	^C	^N	False	NA (unset)	NA (unset)	NA (unset)	NA (unset)	NA (unset)	5	5	10	206	TMM	False	0.5	2	edgeR_TMM_voom_limma	~group	Cancer_minus_Control	False	True	BH within matrix-entry modelled features	True	1	0.05	123	20a48b8fafd6f8ff9c9479cf6c8ff354578a5e523b25dfaa0f676bddc4f26150	not bundled; historical output ID88.rda	Parameters are server-owned. Export thresholds are adjustable and do not refit the model. upstream_normalized and count_normalization are derived audit fields, not configuration keys.	10	db/dataset/metadata/NO88_GSE232903_metadata.xlsx	none	TRUE (Explore default; not a differential-model parameter)	03_results/differential/ID88/all.csv
89	Liver cancer	39658708	Yuankun Chen	8	RNA-seq	Ultracentrifugation	3 controls and 5 patients	Transcriptomics	mRNA	Serum	Liver	Yes	GSE199509	db/dataset/NO89_GSE199509_counts.txt	db/dataset/metadata/NO89_GSE199509_metadata.xlsx	Raw counts	True	rnaseq_raw_counts	count	none	none	none	none	zero	False	filterByExpr	NA (not used by this profile)	NA (not used by this profile)	1	none	none	symbol	symbol	Homo sapiens	9606	metadata	Sample ID	Group	Cancer	Control	^C	^N	False	NA (unset)	NA (unset)	NA (unset)	NA (unset)	NA (unset)	5	3	8	10510	TMM	False	0.5	2	edgeR_TMM_voom_limma	~group	Cancer_minus_Control	False	True	BH within matrix-entry modelled features	True	1	0.05	123	5bb78e063d55153d88903e120611965a26e87ccf68f3fc306857e691847f17c2	not bundled; historical output ID89.rda	Parameters are server-owned. Export thresholds are adjustable and do not refit the model. upstream_normalized and count_normalization are derived audit fields, not configuration keys.	8	db/dataset/metadata/NO89_GSE199509_metadata.xlsx	none	TRUE (Explore default; not a differential-model parameter)	03_results/differential/ID89/all.csv
90	Liver cancer	39658708	Yuankun Chen	8	RNA-seq	Ultracentrifugation	3 controls and 5 patients	Transcriptomics	miRNA	Serum	Liver	Yes	GSE199509	db/dataset/NO90_GSE199509_counts.txt	db/dataset/metadata/NO90_GSE199509_metadata.xlsx	Raw counts	True	rnaseq_raw_counts	count	none	none	none	none	zero	False	filterByExpr	NA (not used by this profile)	NA (not used by this profile)	1	none	none	mirbase	mirbase	Homo sapiens	9606	metadata	Sample ID	Group	Cancer	Control	^C	^N	False	NA (unset)	NA (unset)	NA (unset)	NA (unset)	NA (unset)	5	3	8	6	TMM	False	0.5	2	edgeR_TMM_voom_limma	~group	Cancer_minus_Control	False	True	BH within matrix-entry modelled features	True	1	0.05	123	6ea83740543ff82e0b2df519ed75574e241e1fe4da4ee4e2e490eaae36b8f1a6	not bundled; historical output ID90.rda	Parameters are server-owned. Export thresholds are adjustable and do not refit the model. upstream_normalized and count_normalization are derived audit fields, not configuration keys.	8	db/dataset/metadata/NO90_GSE199509_metadata.xlsx	none	TRUE (Explore default; not a differential-model parameter)	03_results/differential/ID90/all.csv
91	Liver cancer	39658708	Yuankun Chen	8	RNA-seq	Ultracentrifugation	3 controls and 5 patients	Transcriptomics	lncRNA	Serum	Liver	Yes	GSE199509	db/dataset/NO91_GSE199509_counts.txt	db/dataset/metadata/NO91_GSE199509_metadata.xlsx	Raw counts	True	rnaseq_raw_counts	count	none	none	none	none	zero	False	filterByExpr	NA (not used by this profile)	NA (not used by this profile)	1	none	none	symbol	symbol	Homo sapiens	9606	metadata	Sample ID	Group	Cancer	Control	^C	^N	False	NA (unset)	NA (unset)	NA (unset)	NA (unset)	NA (unset)	5	3	8	272	TMM	False	0.5	2	edgeR_TMM_voom_limma	~group	Cancer_minus_Control	False	True	BH within matrix-entry modelled features	True	1	0.05	123	9e0184bcc28867cc10b6446a1f46fb21cdfae6f50f9fefb2b170aade4b1c8ff0	not bundled; historical output ID91.rda	Parameters are server-owned. Export thresholds are adjustable and do not refit the model. upstream_normalized and count_normalization are derived audit fields, not configuration keys.	8	db/dataset/metadata/NO91_GSE199509_metadata.xlsx	none	TRUE (Explore default; not a differential-model parameter)	03_results/differential/ID91/all.csv
92	Liver cancer	30996051	Chang Tan	40	RNA-seq	Ultracentrifugation	10 controls and 30patients	Transcriptomics	cfrna-miRNA	Plasma	Liver	Yes	GSE123972	db/dataset/NO92_GSE123972_counts.txt	db/dataset/metadata/NO92_GSE123972_metadata.xlsx	Raw counts	True	rnaseq_raw_counts	count	none	none	none	none	zero	False	filterByExpr	NA (not used by this profile)	NA (not used by this profile)	1	none	none	mirbase	mirbase	Homo sapiens	9606	metadata	Sample ID	Group	Cancer	Control	^HCC	^(N|CHB)	False	NA (unset)	NA (unset)	NA (unset)	NA (unset)	NA (unset)	30	10	40	862	TMM	False	0.5	2	edgeR_TMM_voom_limma	~group	Cancer_minus_Control	False	True	BH within matrix-entry modelled features	True	1	0.05	123	44e91c5dff81a21a239d82b2f07a5069dbbeadac4b4bb886dfde6f93863073dd	not bundled; historical output ID92.rda	Parameters are server-owned. Export thresholds are adjustable and do not refit the model. upstream_normalized and count_normalization are derived audit fields, not configuration keys.	40	db/dataset/metadata/NO92_GSE123972_metadata.xlsx	none	TRUE (Explore default; not a differential-model parameter)	03_results/differential/ID92/all.csv
93	Liver cancer	30996051	Chang Tan	40	RNA-seq	Ultracentrifugation	10 controls and 30patients	Transcriptomics	cfrna-lncRNA	Plasma	Liver	Yes	GSE123972	db/dataset/NO93_GSE123972_counts.txt	db/dataset/metadata/NO93_GSE123972_metadata.xlsx	Raw counts	True	rnaseq_raw_counts	count	none	none	none	none	zero	False	filterByExpr	NA (not used by this profile)	NA (not used by this profile)	1	none	none	symbol	symbol	Homo sapiens	9606	metadata	Sample ID	Group	Cancer	Control	^C	^N	False	NA (unset)	NA (unset)	NA (unset)	NA (unset)	NA (unset)	30	10	40	1773	TMM	False	0.5	2	edgeR_TMM_voom_limma	~group	Cancer_minus_Control	False	True	BH within matrix-entry modelled features	True	1	0.05	123	b24595c39b8c6acead95c8595837c272c9ee7d1836b711071ace499c92bc8f94	not bundled; historical output ID93.rda	Parameters are server-owned. Export thresholds are adjustable and do not refit the model. upstream_normalized and count_normalization are derived audit fields, not configuration keys.	40	db/dataset/metadata/NO93_GSE123972_metadata.xlsx	none	TRUE (Explore default; not a differential-model parameter)	03_results/differential/ID93/all.csv
94	Hepatocellular carcinoma	29573235	Yurong Wang	10	RNA-seq	PEG	5 controls and 5 patients	Transcriptomics	miRNA	Serum	Liver	Yes	GSE104251	db/dataset/NO94_GSE104251_counts.txt	db/dataset/metadata/NO94_GSE104251_metadata.xlsx	Raw counts	True	rnaseq_raw_counts	count	none	none	none	none	zero	False	filterByExpr	NA (not used by this profile)	NA (not used by this profile)	1	none	none	mirbase	mirbase	Homo sapiens	9606	metadata	Sample ID	Group	Cancer	Control	^C	^N	False	NA (unset)	NA (unset)	NA (unset)	NA (unset)	NA (unset)	5	5	10	204	TMM	False	0.5	2	edgeR_TMM_voom_limma	~group	Cancer_minus_Control	False	True	BH within matrix-entry modelled features	True	1	0.05	123	f4d40a4a66210fdc304e0ed0a541ef2a12a82ea247a40efbc866fd8c21f354c9	not bundled; historical output ID94.rda	Parameters are server-owned. Export thresholds are adjustable and do not refit the model. upstream_normalized and count_normalization are derived audit fields, not configuration keys.	10	db/dataset/metadata/NO94_GSE104251_metadata.xlsx	none	TRUE (Explore default; not a differential-model parameter)	03_results/differential/ID94/all.csv
95	Colorectal Cancer	40635521	Petra Vychytilova-Faltejskov	150	Microarray	SEC	50 controls and 100 patients	Transcriptomics	mRNA	Serum	Colorectum	No	GSE277272	db/dataset/NO95_GSE277272_counts.txt	db/dataset/metadata/NO95_GSE277272_metadata.xlsx	Log2 normalized	True	microarray	log2	RMA	none	log2	none	none	False	none	NA (not used by this profile)	NA (not used by this profile)	1	none	none	symbol	symbol	Homo sapiens	9606	metadata	Sample ID	Group	Cancer	Control	^C	^N	False	NA (unset)	NA (unset)	NA (unset)	NA (unset)	NA (unset)	100	50	150	18925	NA (continuous profile)	True	0.5	2	limma_filtered	~group	Cancer_minus_Control	True	True	BH within matrix-entry modelled features	True	1	0.05	123	3de1ed40a55b552dff7cc86cab3ed4751f99d6f4e9200696f39b9ac37c3c3686	not bundled; historical output ID95.rda	Parameters are server-owned. Export thresholds are adjustable and do not refit the model. upstream_normalized and count_normalization are derived audit fields, not configuration keys.	150	db/dataset/metadata/NO95_GSE277272_metadata.xlsx	none	TRUE (Explore default; not a differential-model parameter)	03_results/differential/ID95/all.csv
96	Colorectal Cancer	40635521	Petra Vychytilova-Faltejskov	150	Microarray	SEC	50 controls and 100 patients	Transcriptomics	lncRNA	Serum	Colorectum	No	GSE277272	db/dataset/NO96_GSE277272_counts.txt	db/dataset/metadata/NO96_GSE277272_metadata.xlsx	Log2 normalized	True	microarray	log2	RMA	none	log2	none	none	False	none	NA (not used by this profile)	NA (not used by this profile)	1	none	none	symbol	symbol	Homo sapiens	9606	metadata	Sample ID	Group	Cancer	Control	^C	^N	False	NA (unset)	NA (unset)	NA (unset)	NA (unset)	NA (unset)	100	50	150	3788	NA (continuous profile)	True	0.5	2	limma_filtered	~group	Cancer_minus_Control	True	True	BH within matrix-entry modelled features	True	1	0.05	123	62296fe0f0e14b93d37199583e41a51a7b7082030260853070dbe7ea71940408	not bundled; historical output ID96.rda	Parameters are server-owned. Export thresholds are adjustable and do not refit the model. upstream_normalized and count_normalization are derived audit fields, not configuration keys.	150	db/dataset/metadata/NO96_GSE277272_metadata.xlsx	none	TRUE (Explore default; not a differential-model parameter)	03_results/differential/ID96/all.csv
97	Hepatocellular carcinoma	32441313	Suchandrima Ghosh	10	RNA-seq	ExoEnrich instant exosome isolation kit	5 controls and 5 patients	Transcriptomics	miRNA	Tissue	Liver	No	GSE140845	db/dataset/NO97_GSE140845_counts.txt	db/dataset/metadata/NO97_GSE140845_metadata.xlsx	Raw counts	True	rnaseq_raw_counts	count	none	none	none	none	zero	False	filterByExpr	NA (not used by this profile)	NA (not used by this profile)	1	none	none	mirbase	mirbase	Homo sapiens	9606	metadata	Sample ID	Group	Cancer	Control	^C	^N	False	NA (unset)	NA (unset)	NA (unset)	NA (unset)	NA (unset)	5	5	10	151	TMM	False	0.5	2	edgeR_TMM_voom_limma	~group	Cancer_minus_Control	False	True	BH within matrix-entry modelled features	True	1	0.05	123	0dd006923b3141b2bbfb88569be674b3497020187251b90031d96c482befb888	not bundled; historical output ID97.rda	Parameters are server-owned. Export thresholds are adjustable and do not refit the model. upstream_normalized and count_normalization are derived audit fields, not configuration keys.	10	db/dataset/metadata/NO97_GSE140845_metadata.xlsx	none	TRUE (Explore default; not a differential-model parameter)	03_results/differential/ID97/all.csv
98	Hepatocellular carcinoma	32441313	Suchandrima Ghosh	10	RNA-seq	ExoEnrich instant exosome isolation kit	5 controls and 5 patients	Transcriptomics	lncRNA	Tissue	Liver	No	GSE140845	db/dataset/NO98_GSE140845_counts.txt	db/dataset/metadata/NO98_GSE140845_metadata.xlsx	Raw counts	True	rnaseq_raw_counts	count	none	none	none	none	zero	False	filterByExpr	NA (not used by this profile)	NA (not used by this profile)	1	none	none	symbol	symbol	Homo sapiens	9606	metadata	Sample ID	Group	Cancer	Control	^C	^N	False	NA (unset)	NA (unset)	NA (unset)	NA (unset)	NA (unset)	5	5	10	1572	TMM	False	0.5	2	edgeR_TMM_voom_limma	~group	Cancer_minus_Control	False	True	BH within matrix-entry modelled features	True	1	0.05	123	fc7cbf056d18a6d108ff8f1c9a56d318c53b0ecc86dea934693b27d1ab97ca40	not bundled; historical output ID98.rda	Parameters are server-owned. Export thresholds are adjustable and do not refit the model. upstream_normalized and count_normalization are derived audit fields, not configuration keys.	10	db/dataset/metadata/NO98_GSE140845_metadata.xlsx	none	TRUE (Explore default; not a differential-model parameter)	03_results/differential/ID98/all.csv
99	Glioblastoma Multiforme	29330365	Eduardo Reátegui	19	RNA-seq	Microfluidics and magnetic beads	6 controls and 13 patients	Transcriptomics	lncRNA	Serum	Nerve	Yes	GSE106804	db/dataset/NO99_GSE106804_counts.txt	db/dataset/metadata/NO99_GSE106804_metadata.xlsx	Raw counts	True	rnaseq_raw_counts	count	none	none	none	none	zero	False	filterByExpr	NA (not used by this profile)	NA (not used by this profile)	1	none	none	symbol	symbol	Homo sapiens	9606	metadata	Sample ID	Group	Cancer	Control	^C	^N	False	NA (unset)	NA (unset)	NA (unset)	NA (unset)	NA (unset)	13	6	19	35	TMM	False	0.5	2	edgeR_TMM_voom_limma	~group	Cancer_minus_Control	False	True	BH within matrix-entry modelled features	True	1	0.05	123	09f1d9b8615415bc4191c01a8fad398e6110c12cbe0e37e13faec8315e97c5f2	not bundled; historical output ID99.rda	Parameters are server-owned. Export thresholds are adjustable and do not refit the model. upstream_normalized and count_normalization are derived audit fields, not configuration keys.	19	db/dataset/metadata/NO99_GSE106804_metadata.xlsx	none	TRUE (Explore default; not a differential-model parameter)	03_results/differential/ID99/all.csv
100	Liver Cancer	38348130	Yuqing Sun	39	RNA-seq	MOF enrichment	25 controls and 14 patients	Transcriptomics	lncRNA	Serum	Liver	Yes	GSE210775-TRANING	db/dataset/NO100_GSE210775-TRANING_counts.txt	db/dataset/metadata/NO100_GSE210775-TRANING_metadata.xlsx	Raw counts	True	rnaseq_raw_counts	count	none	none	none	none	zero	False	filterByExpr	NA (not used by this profile)	NA (not used by this profile)	1	none	none	symbol	symbol	Homo sapiens	9606	metadata	Sample ID	Group	Cancer	Control	^C	^N	False	NA (unset)	NA (unset)	NA (unset)	NA (unset)	NA (unset)	14	25	39	87	TMM	False	0.5	2	edgeR_TMM_voom_limma	~group	Cancer_minus_Control	False	True	BH within matrix-entry modelled features	True	1	0.05	123	7be2d25ee66747316cd0bacf2501dafc12d694a7510039160cd27fd44156586b	not bundled; historical output ID100.rda	Parameters are server-owned. Export thresholds are adjustable and do not refit the model. upstream_normalized and count_normalization are derived audit fields, not configuration keys.	19	db/dataset/metadata/NO100_GSE210775-TRANING_metadata.xlsx	none	TRUE (Explore default; not a differential-model parameter)	03_results/differential/ID100/all.csv
101	Liver Cancer	38348130	Yuqing Sun	19	RNA-seq	MOF enrichment	12 controls and 7 patients	Transcriptomics	miRNA	Serum	Liver	Yes	GSE210775-VALIDATION	db/dataset/NO101_GSE210775-VALIDATION_counts.txt	db/dataset/metadata/NO101_GSE210775-VALIDATION_metadata.xlsx	Raw counts	True	rnaseq_raw_counts	count	none	none	none	none	zero	False	filterByExpr	NA (not used by this profile)	NA (not used by this profile)	1	none	none	mirbase	mirbase	Homo sapiens	9606	metadata	Sample ID	Group	Cancer	Control	^C	^N	False	NA (unset)	NA (unset)	NA (unset)	NA (unset)	NA (unset)	7	12	19	28	TMM	False	0.5	2	edgeR_TMM_voom_limma	~group	Cancer_minus_Control	False	True	BH within matrix-entry modelled features	True	1	0.05	123	3da8f8fc17940c33a50caadbddc835f6cb2618f248c7ed9c33d0b96c71a4bd78	not bundled; historical output ID101.rda	Parameters are server-owned. Export thresholds are adjustable and do not refit the model. upstream_normalized and count_normalization are derived audit fields, not configuration keys.	39	db/dataset/metadata/NO101_GSE210775-VALIDATION_metadata.xlsx	none	TRUE (Explore default; not a differential-model parameter)	03_results/differential/ID101/all.csv
102	Liver Cancer	38348130	Yuqing Sun	19	RNA-seq	MOF enrichment	12 controls and 7 patients	Transcriptomics	lncRNA	Serum	Liver	Yes	GSE210775-VALIDATION	db/dataset/NO102_GSE210775-VALIDATION_counts.txt	db/dataset/metadata/NO102_GSE210775-VALIDATION_metadata.xlsx	Raw counts	True	rnaseq_raw_counts	count	none	none	none	none	zero	False	filterByExpr	NA (not used by this profile)	NA (not used by this profile)	1	none	none	symbol	symbol	Homo sapiens	9606	metadata	Sample ID	Group	Cancer	Control	^C	^N	False	NA (unset)	NA (unset)	NA (unset)	NA (unset)	NA (unset)	7	12	19	93	TMM	False	0.5	2	edgeR_TMM_voom_limma	~group	Cancer_minus_Control	False	True	BH within matrix-entry modelled features	True	1	0.05	123	3093577259e7417b04efd8d71d24216b180eb47cf6db6616311b92b0e415699e	not bundled; historical output ID102.rda	Parameters are server-owned. Export thresholds are adjustable and do not refit the model. upstream_normalized and count_normalization are derived audit fields, not configuration keys.	39	db/dataset/metadata/NO102_GSE210775-VALIDATION_metadata.xlsx	none	TRUE (Explore default; not a differential-model parameter)	03_results/differential/ID102/all.csv
103	Lung Adenocarcinoma	36451312	Zhong Ke	168	RNA-seq	The exoRNeasy Midi Kit	53 controls and 115 patients	Transcriptomics	miRNA	Serum	Lung	No	GSE200288	db/dataset/NO105_GSE200288_counts.txt	db/dataset/metadata/NO105_GSE200288_metadata.xlsx	Log2 normalized	True	transcriptomics_normalized	log2	upstream_normalized	none	log2	none	none	False	none	NA (not used by this profile)	NA (not used by this profile)	1	none	none	mirbase	mirbase	Homo sapiens	9606	metadata	Sample ID	Group	Cancer	Control	^C	^N	False	NA (unset)	NA (unset)	NA (unset)	NA (unset)	NA (unset)	115	53	168	8	NA (continuous profile)	True	0.5	2	limma_filtered	~group	Cancer_minus_Control	True	True	BH within matrix-entry modelled features	True	1	0.05	123	689a177a4b366ded101c05c7190b5c8c8dd877019f5228b25b702ee04f206f12	not bundled; historical output ID103.rda	Parameters are server-owned. Export thresholds are adjustable and do not refit the model. upstream_normalized and count_normalization are derived audit fields, not configuration keys.	168	db/dataset/metadata/NO105_GSE200288_metadata.xlsx	none	TRUE (Explore default; not a differential-model parameter)	03_results/differential/ID103/all.csv
104	Lung Adenocarcinoma	36451312	Zhong Ke	168	RNA-seq	The exoRNeasy Midi Kit	53 controls and 115 patients	Transcriptomics	lncRNA	Serum	Lung	No	GSE200288	db/dataset/NO106_GSE200288_counts.txt	db/dataset/metadata/NO106_GSE200288_metadata.xlsx	Log2 normalized	True	transcriptomics_normalized	log2	upstream_normalized	none	log2	none	none	False	none	NA (not used by this profile)	NA (not used by this profile)	1	none	none	symbol	symbol	Homo sapiens	9606	metadata	Sample ID	Group	Cancer	Control	^C	^N	False	NA (unset)	NA (unset)	NA (unset)	NA (unset)	NA (unset)	115	53	168	783	NA (continuous profile)	True	0.5	2	limma_filtered	~group	Cancer_minus_Control	True	True	BH within matrix-entry modelled features	True	1	0.05	123	3c8671b04b340b7ad3427f5b5879a290b0fa720fecaf61807bd1d6393cb22906	not bundled; historical output ID104.rda	Parameters are server-owned. Export thresholds are adjustable and do not refit the model. upstream_normalized and count_normalization are derived audit fields, not configuration keys.	168	db/dataset/metadata/NO106_GSE200288_metadata.xlsx	none	TRUE (Explore default; not a differential-model parameter)	03_results/differential/ID104/all.csv
105	Pancreatic Ductal Adenocarcinoma	31562239	Shulin Yu	501	RNA-seq	The exoRNeasy Midi Kit	217 controls and 284 patients	Transcriptomics	lncRNA	Plasma	Pancreas	No	GSE133684	db/dataset/ID105_GSE133684_lncRNA_TPM.tsv	db/dataset/metadata/NO17_GSE133684_metadata.xlsx	TPM	True	transcriptomics_normalized	linear	TPM	none	none	log2p1	zero	False	none	NA (not used by this profile)	NA (not used by this profile)	1	none	none	symbol	symbol	Homo sapiens	9606	metadata	Sample	analysis_group	PDAC	NonCancer	^C	^N	False	NA (unset)	NA (unset)	NA (unset)	NA (unset)	NA (unset)	284	217	501	11074	NA (continuous profile)	True	0.5	2	limma_filtered	~group	PDAC_minus_NonCancer	True	True	BH within matrix-entry modelled features	True	1	0.05	123	6276918b7a067601df74705199e27ee4267a38a14e0859ed135e10bfb37e5f0f	not bundled; regenerate ID105.rda with scripts/run_entry.py	Parameters are server-owned. Export thresholds are adjustable and do not refit the model. upstream_normalized and count_normalization are derived audit fields, not configuration keys.	501	db/dataset/metadata/GSE133684_metadata_501.tsv	none	TRUE (Explore default; not a differential-model parameter)	03_results/differential/ID105/all.csv
106	Liver Cancer	33391469	Yumin Zhu	65	RNA-seq	Plasma/Serum Circulating RNA and Exosomal Purification kit	30 controls and 35 patients	Transcriptomics	cfrna-lncRNA	Plasma	Liver	Yes	GSE142987	db/dataset/NO108_GSE142987_counts.txt	db/dataset/metadata/NO108_GSE142987_metadata.xlsx	Raw counts	True	rnaseq_raw_counts	count	none	none	none	none	zero	False	filterByExpr	NA (not used by this profile)	NA (not used by this profile)	1	none	none	symbol	symbol	Homo sapiens	9606	metadata	Sample	Group	Cancer	Control	^C	^N	False	NA (unset)	NA (unset)	NA (unset)	NA (unset)	NA (unset)	35	30	65	330	TMM	False	0.5	2	edgeR_TMM_voom_limma	~group	Cancer_minus_Control	False	True	BH within matrix-entry modelled features	True	1	0.05	123	40aea0d47f17994a65f977629c9e90cb028519e41ffbe41d743829a7d3043237	not bundled; historical output ID106.rda	Parameters are server-owned. Export thresholds are adjustable and do not refit the model. upstream_normalized and count_normalization are derived audit fields, not configuration keys.	65	db/dataset/metadata/NO108_GSE142987_metadata.xlsx	none	TRUE (Explore default; not a differential-model parameter)	03_results/differential/ID106/all.csv
107	Colorectal Cancer	37992683	Yuhuan Tao	91	RNA-seq	Plasma/Serum Circulating RNA and Exosomal Purification kit	50 controls and 41 patients	Transcriptomics	cfrna-lncRNA	Plasma	Colorectum	Yes	GSE186587	db/dataset/NO109_GSE186587_counts.txt	db/dataset/metadata/NO109_GSE186587_metadata.xlsx	Raw counts	True	rnaseq_raw_counts	count	none	none	none	none	zero	False	filterByExpr	NA (not used by this profile)	NA (not used by this profile)	1	none	none	symbol	symbol	Homo sapiens	9606	prefix	NA (unset)	NA (unset)	CRC	Control	^C	^N	False	NA (unset)	NA (unset)	NA (unset)	NA (unset)	NA (unset)	41	50	91	261	TMM	False	0.5	2	edgeR_TMM_voom_limma	~group	CRC_minus_Control	False	True	BH within matrix-entry modelled features	True	1	0.05	123	571bef2d67049d077bc2fdb3eacb6f8ab4b1faf6ec496154c306cd7e39d1449c	not bundled; historical output ID107.rda	Parameters are server-owned. Export thresholds are adjustable and do not refit the model. upstream_normalized and count_normalization are derived audit fields, not configuration keys.	91	NA (prefix grouping)	none	TRUE (Explore default; not a differential-model parameter)	03_results/differential/ID107/all.csv
108	Gastric Cancer	37992683	Yuhuan Tao	86	RNA-seq	Plasma/Serum Circulating RNA and Exosomal Purification kit	50 controls and 36 patients	Transcriptomics	cfrna-lncRNA	Plasma	Stomach	Yes	GSE186587	db/dataset/NO110_GSE186587_counts.txt	db/dataset/metadata/NO110_GSE186587_metadata.xlsx	Raw counts	True	rnaseq_raw_counts	count	none	none	none	none	zero	False	filterByExpr	NA (not used by this profile)	NA (not used by this profile)	1	none	none	symbol	symbol	Homo sapiens	9606	metadata	Sample ID	Group	Cancer	Control	^C	^N	False	NA (unset)	NA (unset)	NA (unset)	NA (unset)	NA (unset)	36	50	86	237	TMM	False	0.5	2	edgeR_TMM_voom_limma	~group	Cancer_minus_Control	False	True	BH within matrix-entry modelled features	True	1	0.05	123	e80f1339ddb2ff979e6362abc841aba47e5d5c22c1dc363cb89b1c2a4d3eac72	not bundled; historical output ID108.rda	Parameters are server-owned. Export thresholds are adjustable and do not refit the model. upstream_normalized and count_normalization are derived audit fields, not configuration keys.	86	db/dataset/metadata/NO110_GSE186587_metadata.xlsx	none	TRUE (Explore default; not a differential-model parameter)	03_results/differential/ID108/all.csv
109	Esophageal Squamous Cell Carcinoma	32043367	Li Tian	18	RNA-seq	Ultracentrifugation	12 controls and 6 patients	Transcriptomics	miRNA	Plasma	Esophagus	Yes	GSE104926	db/dataset/NO111_GSE104926_counts.txt	db/dataset/metadata/NO111_GSE104926_metadata.xlsx	Raw counts	True	rnaseq_raw_counts	count	none	none	none	none	zero	False	filterByExpr	NA (not used by this profile)	NA (not used by this profile)	1	none	none	mirbase	mirbase	Homo sapiens	9606	metadata	Sanmple ID	Group	Cancer	Control	^C	^N	False	NA (unset)	NA (unset)	NA (unset)	NA (unset)	NA (unset)	6	12	18	68	TMM	False	0.5	2	edgeR_TMM_voom_limma	~group	Cancer_minus_Control	False	True	BH within matrix-entry modelled features	True	1	0.05	123	74e2d62840c7c1e377f625c31900fbb52fe171df003cb248c25952e1a5c8350e	not bundled; historical output ID109.rda	Parameters are server-owned. Export thresholds are adjustable and do not refit the model. upstream_normalized and count_normalization are derived audit fields, not configuration keys.	18	db/dataset/metadata/NO111_GSE104926_metadata.xlsx	none	TRUE (Explore default; not a differential-model parameter)	03_results/differential/ID109/all.csv
110	Colorectal Cancer	39766158	Abidali Mohamedali	100	MS/MS	Ultracentrifugation	20 controls and 80 patients	Proteomics	Protein	Plasma	Colorectum	Yes	NO.66	db/dataset/NO112_NO66_counts.txt	db/dataset/metadata/NO112_NO66_metadata.xlsx	DIA	True	proteomics_label_free	linear	upstream_normalized	none	none	log2	unknown	True	group_valid	0.5	3	1	none	row_median	symbol	symbol	Homo sapiens	9606	prefix	Sample ID	Group	Cancer	Control	^C	^N	False	NA (unset)	NA (unset)	NA (unset)	NA (unset)	NA (unset)	80	20	100	1066	NA (continuous profile)	True	0.5	2	limma_filtered	~group	Cancer_minus_Control	True	True	BH within matrix-entry modelled features	True	1	0.05	123	257f6f04f29d394662af6f8ef5514bc9a0de2ce4364ebf56c9105b67a0690689	not bundled; historical output ID110.rda	Parameters are server-owned. Export thresholds are adjustable and do not refit the model. upstream_normalized and count_normalization are derived audit fields, not configuration keys.	100	db/dataset/metadata/NO112_NO66_metadata.xlsx	row_median	TRUE (Explore default; not a differential-model parameter)	03_results/differential/ID110/all.csv
